Symbol,Series,Date,PrevClose,OpenPrice,HighPrice,LowPrice,ClosePrice,TotalTradedQuantity
SBIN,EQ,01-Jan-2021,274.95,274.90,280.00,274.40,279.40,"2,45,31,791"
SBIN,EQ,04-Jan-2021,279.40,281.85,283.90,277.75,281.05,"3,14,50,608"
SBIN,EQ,05-Jan-2021,281.05,278.05,282.45,277.00,281.75,"2,73,93,072"
SBIN,EQ,06-Jan-2021,281.75,283.00,289.15,281.40,285.05,"4,07,65,708"
SBIN,EQ,07-Jan-2021,285.05,289.00,291.80,287.00,287.70,"3,05,46,600"
SBIN,EQ,08-Jan-2021,287.70,290.10,291.40,285.20,286.00,"3,25,43,357"
SBIN,EQ,11-Jan-2021,286.00,288.00,288.20,279.60,282.50,"2,97,03,173"
SBIN,EQ,12-Jan-2021,282.50,280.00,293.85,277.90,292.50,"4,43,07,145"
SBIN,EQ,13-Jan-2021,292.50,296.00,308.00,294.50,306.80,"7,80,42,133"
SBIN,EQ,14-Jan-2021,306.80,306.70,309.25,303.80,307.25,"4,01,23,498"
SBIN,EQ,15-Jan-2021,307.25,306.80,310.90,301.30,303.85,"3,53,07,601"
SBIN,EQ,18-Jan-2021,303.85,303.50,308.65,292.20,294.45,"5,49,69,750"
SBIN,EQ,19-Jan-2021,294.45,297.65,302.50,296.40,298.60,"3,58,03,901"
SBIN,EQ,20-Jan-2021,298.60,298.80,304.70,296.85,302.55,"3,37,59,304"
SBIN,EQ,21-Jan-2021,302.55,304.00,305.15,291.50,294.85,"2,99,95,203"
SBIN,EQ,22-Jan-2021,294.85,295.50,298.00,282.40,283.70,"4,44,40,810"
SBIN,EQ,25-Jan-2021,283.70,284.50,288.00,277.05,280.95,"3,40,34,630"
SBIN,EQ,27-Jan-2021,280.95,280.20,284.85,272.70,275.65,"3,92,11,107"
SBIN,EQ,28-Jan-2021,275.65,271.90,283.35,269.50,282.35,"4,87,17,297"
SBIN,EQ,29-Jan-2021,282.35,285.60,290.65,279.10,282.10,"4,23,00,984"
SBIN,EQ,01-Feb-2021,282.10,285.10,313.90,282.75,310.70,"10,34,14,068"
SBIN,EQ,02-Feb-2021,310.70,315.00,337.40,315.00,333.10,"12,14,34,166"
SBIN,EQ,03-Feb-2021,333.10,333.75,339.90,325.80,335.95,"6,64,20,168"
SBIN,EQ,04-Feb-2021,335.95,334.40,358.00,331.10,355.10,"14,52,03,439"
SBIN,EQ,05-Feb-2021,355.10,387.00,408.35,385.15,393.10,"21,49,55,688"
SBIN,EQ,08-Feb-2021,393.10,398.00,407.80,394.75,397.05,"7,93,89,205"
SBIN,EQ,09-Feb-2021,397.05,396.75,403.50,389.00,394.80,"6,38,69,990"
SBIN,EQ,10-Feb-2021,394.80,394.05,397.90,388.00,392.25,"5,41,63,507"
SBIN,EQ,11-Feb-2021,392.25,391.80,396.95,388.25,390.15,"3,63,92,708"
SBIN,EQ,12-Feb-2021,390.15,391.00,399.35,385.55,393.15,"5,35,89,755"
SBIN,EQ,15-Feb-2021,393.15,397.50,409.45,395.70,406.95,"5,66,08,937"
SBIN,EQ,16-Feb-2021,406.95,412.00,415.75,400.30,402.35,"8,03,65,431"
SBIN,EQ,17-Feb-2021,402.35,403.00,414.85,400.15,411.75,"7,41,61,370"
SBIN,EQ,18-Feb-2021,411.75,425.05,427.70,413.70,415.20,"6,71,54,539"
SBIN,EQ,19-Feb-2021,415.20,415.00,415.00,395.00,399.55,"6,61,55,518"
SBIN,EQ,22-Feb-2021,399.55,400.60,401.00,385.65,389.50,"5,25,35,049"
SBIN,EQ,23-Feb-2021,389.50,392.00,399.70,389.00,395.60,"4,54,62,768"
SBIN,EQ,24-Feb-2021,395.60,397.00,410.50,395.20,406.25,"3,96,32,090"
SBIN,EQ,25-Feb-2021,406.25,411.00,414.90,406.55,407.25,"4,69,88,836"
SBIN,EQ,26-Feb-2021,407.25,399.50,401.00,387.00,390.15,"6,44,50,414"
SBIN,EQ,01-Mar-2021,390.15,395.10,397.70,391.00,394.95,"2,96,77,890"
SBIN,EQ,02-Mar-2021,394.95,395.00,399.55,390.55,394.20,"3,05,34,337"
SBIN,EQ,03-Mar-2021,394.20,396.50,408.90,396.00,405.05,"4,62,68,223"
SBIN,EQ,04-Mar-2021,405.05,398.70,403.50,394.45,395.65,"4,36,03,653"
SBIN,EQ,05-Mar-2021,395.65,395.00,395.00,378.10,383.65,"7,21,79,228"
SBIN,EQ,08-Mar-2021,383.65,388.45,393.40,386.05,389.60,"3,91,47,858"
SBIN,EQ,09-Mar-2021,389.60,393.45,394.90,382.25,387.60,"2,80,54,083"
SBIN,EQ,10-Mar-2021,387.60,391.10,393.00,385.70,387.70,"2,26,77,399"
SBIN,EQ,12-Mar-2021,387.70,391.70,393.20,377.50,381.10,"3,53,36,355"
SBIN,EQ,15-Mar-2021,381.10,382.50,386.00,369.35,383.90,"4,27,22,976"
SBIN,EQ,16-Mar-2021,383.90,385.60,387.85,376.10,378.55,"3,81,96,452"
SBIN,EQ,17-Mar-2021,378.55,378.20,379.65,366.05,368.15,"3,31,43,064"
SBIN,EQ,18-Mar-2021,368.15,371.50,375.00,361.10,367.10,"3,94,05,038"
SBIN,EQ,19-Mar-2021,367.10,363.95,372.90,357.25,371.15,"6,03,09,145"
SBIN,EQ,22-Mar-2021,371.15,372.00,372.80,363.50,367.00,"2,84,61,974"
SBIN,EQ,23-Mar-2021,367.00,368.70,377.95,367.05,372.70,"4,10,32,380"
SBIN,EQ,24-Mar-2021,372.70,368.50,369.05,358.65,359.85,"4,23,18,999"
SBIN,EQ,25-Mar-2021,359.85,360.00,360.85,345.20,355.20,"5,74,95,003"
SBIN,EQ,26-Mar-2021,355.20,360.00,362.00,354.55,357.20,"4,07,18,848"
SBIN,EQ,30-Mar-2021,357.20,360.10,364.30,356.30,360.80,"3,94,07,496"
SBIN,EQ,31-Mar-2021,360.80,360.30,367.85,357.95,364.30,"3,86,51,025"
SBIN,EQ,01-Apr-2021,364.30,367.70,371.90,363.10,370.65,"3,18,83,453"
SBIN,EQ,05-Apr-2021,370.65,367.50,369.20,349.05,353.55,"5,17,43,981"
SBIN,EQ,06-Apr-2021,353.55,355.70,357.00,349.30,350.55,"4,41,47,709"
SBIN,EQ,07-Apr-2021,350.55,351.25,363.20,347.60,358.55,"4,80,23,602"
SBIN,EQ,08-Apr-2021,358.55,361.00,363.30,354.30,355.60,"3,33,70,259"
SBIN,EQ,09-Apr-2021,355.60,354.40,364.50,351.20,353.00,"4,64,73,100"
SBIN,EQ,12-Apr-2021,353.00,344.00,344.00,322.55,328.85,"7,55,01,713"
SBIN,EQ,13-Apr-2021,328.85,332.00,342.25,330.50,341.00,"4,97,73,360"
SBIN,EQ,15-Apr-2021,341.00,342.10,347.55,336.10,342.70,"5,29,92,349"
SBIN,EQ,16-Apr-2021,342.70,343.00,345.50,338.65,339.90,"3,77,66,793"
SBIN,EQ,19-Apr-2021,339.90,327.15,332.05,321.30,331.15,"5,33,04,377"
SBIN,EQ,20-Apr-2021,331.15,335.10,339.90,326.70,329.50,"4,12,96,147"
SBIN,EQ,22-Apr-2021,329.50,326.00,337.65,323.30,336.65,"4,91,05,833"
SBIN,EQ,23-Apr-2021,336.65,331.65,339.90,331.65,336.45,"4,42,23,940"
SBIN,EQ,26-Apr-2021,336.45,339.25,347.45,339.25,344.30,"4,92,34,985"
SBIN,EQ,27-Apr-2021,344.30,344.00,354.95,342.40,353.05,"4,60,03,023"
SBIN,EQ,28-Apr-2021,353.05,357.00,364.30,356.05,363.40,"5,66,96,255"
SBIN,EQ,29-Apr-2021,363.40,365.00,369.95,355.50,359.40,"6,36,92,926"
SBIN,EQ,30-Apr-2021,359.40,353.45,362.50,350.45,353.50,"5,38,32,840"
SBIN,EQ,03-May-2021,353.50,349.60,352.50,341.40,350.60,"4,36,91,860"
SBIN,EQ,04-May-2021,350.60,355.00,362.90,350.20,351.50,"5,77,49,307"
SBIN,EQ,05-May-2021,351.50,356.50,357.45,348.00,355.40,"4,08,72,501"
SBIN,EQ,06-May-2021,355.40,358.00,359.35,350.55,355.55,"3,62,94,427"
SBIN,EQ,07-May-2021,355.55,357.50,362.00,353.00,358.25,"3,83,57,618"
SBIN,EQ,10-May-2021,358.25,360.50,367.00,358.80,361.70,"4,17,39,324"
SBIN,EQ,11-May-2021,361.70,356.85,366.40,354.75,364.65,"4,18,92,770"
SBIN,EQ,12-May-2021,364.65,362.80,373.50,361.90,367.70,"5,34,36,590"
SBIN,EQ,14-May-2021,367.70,370.00,372.50,359.55,360.45,"5,17,22,170"
SBIN,EQ,17-May-2021,360.45,364.40,385.20,363.65,383.10,"10,65,55,796"
SBIN,EQ,18-May-2021,383.10,390.00,392.55,380.05,382.25,"7,09,17,710"
SBIN,EQ,19-May-2021,382.25,382.00,389.50,381.20,384.40,"4,81,89,573"
SBIN,EQ,20-May-2021,384.40,387.00,387.80,382.00,384.55,"4,28,98,608"
SBIN,EQ,21-May-2021,384.55,390.00,404.40,378.00,401.20,"19,28,10,772"
SBIN,EQ,24-May-2021,401.20,417.00,419.20,405.30,412.05,"14,29,64,052"
SBIN,EQ,25-May-2021,412.05,415.10,415.50,408.50,412.35,"5,60,48,127"
SBIN,EQ,26-May-2021,412.35,413.80,418.75,410.80,413.55,"5,23,57,719"
SBIN,EQ,27-May-2021,413.55,413.70,429.10,412.00,425.20,"7,33,92,997"
SBIN,EQ,28-May-2021,425.20,430.50,433.65,420.05,422.05,"6,51,37,568"
SBIN,EQ,31-May-2021,422.05,421.00,426.00,418.00,424.35,"3,82,91,043"
SBIN,EQ,01-Jun-2021,424.35,426.05,435.35,425.60,432.55,"5,92,99,647"
SBIN,EQ,02-Jun-2021,432.55,430.80,437.95,429.15,437.25,"3,86,57,806"
SBIN,EQ,03-Jun-2021,437.25,437.00,441.95,433.50,439.65,"3,89,09,199"
SBIN,EQ,04-Jun-2021,439.65,437.50,441.90,431.75,433.60,"3,68,98,769"
SBIN,EQ,07-Jun-2021,433.60,435.10,437.40,430.80,432.25,"2,02,01,197"
SBIN,EQ,08-Jun-2021,432.25,432.25,432.50,424.00,427.20,"3,11,13,823"
SBIN,EQ,09-Jun-2021,427.20,427.50,432.30,418.20,421.45,"2,77,84,834"
SBIN,EQ,10-Jun-2021,421.45,424.90,433.30,422.40,432.25,"2,73,97,712"
SBIN,EQ,11-Jun-2021,432.25,434.85,435.50,425.25,429.60,"2,68,31,924"
SBIN,EQ,14-Jun-2021,429.60,427.00,432.45,416.70,430.35,"3,01,06,015"
SBIN,EQ,15-Jun-2021,430.35,429.20,432.80,428.00,429.50,"1,64,13,658"
SBIN,EQ,16-Jun-2021,429.50,428.00,432.75,425.00,425.95,"1,97,01,175"
SBIN,EQ,17-Jun-2021,425.95,421.00,425.95,416.60,420.25,"2,30,48,331"
SBIN,EQ,18-Jun-2021,420.25,423.90,423.90,402.65,412.90,"4,57,48,727"
SBIN,EQ,21-Jun-2021,412.90,406.35,421.00,400.50,419.75,"3,31,28,978"
SBIN,EQ,22-Jun-2021,419.75,423.00,425.45,417.30,418.65,"2,84,42,965"
SBIN,EQ,23-Jun-2021,418.65,421.10,424.75,415.00,418.85,"2,75,64,829"
SBIN,EQ,24-Jun-2021,418.85,420.35,422.75,416.30,417.20,"1,92,14,547"
SBIN,EQ,25-Jun-2021,417.20,421.00,431.00,419.05,428.80,"2,98,86,797"
SBIN,EQ,28-Jun-2021,428.80,430.70,433.15,424.55,426.75,"2,93,70,660"
SBIN,EQ,29-Jun-2021,426.75,427.50,428.95,420.55,421.50,"2,22,75,961"
SBIN,EQ,30-Jun-2021,421.50,423.00,424.90,418.30,419.20,"1,83,37,773"
SBIN,EQ,01-Jul-2021,419.20,420.30,423.70,417.15,420.40,"1,61,61,469"
SBIN,EQ,02-Jul-2021,420.40,420.30,425.40,419.00,424.40,"1,64,23,811"
SBIN,EQ,05-Jul-2021,424.40,426.50,434.50,424.25,432.65,"1,64,83,761"
SBIN,EQ,06-Jul-2021,432.65,431.70,436.50,428.20,429.75,"2,01,95,278"
SBIN,EQ,07-Jul-2021,429.75,429.35,434.00,427.55,432.85,"1,44,73,774"
SBIN,EQ,08-Jul-2021,432.85,432.80,435.40,422.10,424.45,"2,14,33,043"
SBIN,EQ,09-Jul-2021,424.45,425.00,427.50,421.05,423.75,"1,68,44,494"
SBIN,EQ,12-Jul-2021,423.75,426.50,430.25,424.60,427.45,"1,28,86,781"
SBIN,EQ,13-Jul-2021,427.45,430.00,431.80,428.30,429.10,"1,28,31,125"
SBIN,EQ,14-Jul-2021,429.10,429.00,432.30,426.40,431.05,"1,27,67,351"
SBIN,EQ,15-Jul-2021,431.05,432.70,432.95,429.65,431.70,"1,10,30,732"
SBIN,EQ,16-Jul-2021,431.70,432.00,432.50,427.45,430.00,"87,13,863"
SBIN,EQ,19-Jul-2021,430.00,423.40,429.45,418.85,427.90,"1,44,26,686"
SBIN,EQ,20-Jul-2021,427.90,427.00,427.00,418.90,420.90,"1,46,23,321"
SBIN,EQ,22-Jul-2021,420.90,425.55,426.70,420.90,422.05,"1,17,99,761"
SBIN,EQ,23-Jul-2021,422.05,422.90,429.95,419.50,428.90,"1,77,04,661"
SBIN,EQ,26-Jul-2021,428.90,427.80,427.80,422.30,423.30,"1,40,37,519"
SBIN,EQ,27-Jul-2021,423.30,424.15,433.25,424.00,429.95,"2,41,19,619"
SBIN,EQ,28-Jul-2021,429.95,430.00,430.50,421.05,425.50,"1,76,36,515"
SBIN,EQ,29-Jul-2021,425.50,426.00,443.60,425.50,441.55,"3,52,63,606"
SBIN,EQ,30-Jul-2021,441.55,441.50,444.40,430.70,431.80,"3,51,96,813"
SBIN,EQ,02-Aug-2021,431.80,434.75,436.70,431.80,434.90,"1,69,26,025"
SBIN,EQ,03-Aug-2021,434.90,434.95,447.90,433.60,446.50,"4,09,22,962"
SBIN,EQ,04-Aug-2021,446.50,448.65,467.45,441.50,456.95,"12,97,61,158"
SBIN,EQ,05-Aug-2021,456.95,461.00,462.50,438.40,441.85,"5,85,95,639"
SBIN,EQ,06-Aug-2021,441.85,443.70,447.00,434.00,435.65,"3,82,36,066"
SBIN,EQ,09-Aug-2021,435.65,437.90,441.80,431.00,433.40,"2,21,96,404"
SBIN,EQ,10-Aug-2021,433.40,434.40,436.40,421.70,426.45,"2,77,94,251"
SBIN,EQ,11-Aug-2021,426.45,429.80,432.90,423.15,428.05,"2,38,27,946"
SBIN,EQ,12-Aug-2021,428.05,430.00,430.45,425.00,427.15,"1,68,47,144"
SBIN,EQ,13-Aug-2021,427.15,427.60,432.25,425.00,431.20,"2,09,08,992"
SBIN,EQ,16-Aug-2021,431.20,430.00,434.00,424.00,424.85,"1,76,08,693"
SBIN,EQ,17-Aug-2021,424.85,424.85,425.85,415.25,421.50,"2,29,57,877"
SBIN,EQ,18-Aug-2021,421.50,422.15,424.35,418.00,419.70,"1,76,68,574"
SBIN,EQ,20-Aug-2021,419.70,415.00,417.35,405.15,406.70,"2,55,41,790"
SBIN,EQ,23-Aug-2021,406.70,411.10,413.00,401.25,409.50,"2,65,59,937"
SBIN,EQ,24-Aug-2021,409.50,409.50,418.75,408.20,417.60,"1,90,12,313"
SBIN,EQ,25-Aug-2021,417.60,419.00,421.30,414.30,416.25,"1,64,10,980"
SBIN,EQ,26-Aug-2021,416.25,414.50,415.80,410.00,410.75,"1,58,97,679"
SBIN,EQ,27-Aug-2021,410.75,410.35,414.35,407.50,412.45,"1,50,90,541"
SBIN,EQ,30-Aug-2021,412.45,414.40,423.30,413.50,422.70,"2,03,08,691"
SBIN,EQ,31-Aug-2021,422.70,423.85,427.00,418.70,426.05,"2,62,62,421"
SBIN,EQ,01-Sep-2021,426.05,427.50,432.55,425.15,429.90,"1,87,76,721"
SBIN,EQ,02-Sep-2021,429.90,431.40,433.50,427.75,429.75,"1,43,72,717"
SBIN,EQ,03-Sep-2021,429.75,431.25,434.30,428.20,431.40,"1,42,33,624"
SBIN,EQ,06-Sep-2021,431.40,432.00,433.85,430.05,431.05,"1,06,94,099"
SBIN,EQ,07-Sep-2021,431.05,431.05,431.70,425.10,429.10,"1,49,28,735"
SBIN,EQ,08-Sep-2021,429.10,429.00,435.40,427.35,431.35,"2,28,17,464"
SBIN,EQ,09-Sep-2021,431.35,430.25,433.80,430.00,432.30,"96,62,128"
SBIN,EQ,13-Sep-2021,432.30,430.10,433.80,428.80,432.85,"95,67,921"
SBIN,EQ,14-Sep-2021,432.85,435.00,436.75,432.25,433.00,"99,81,562"
SBIN,EQ,15-Sep-2021,433.00,433.00,445.00,431.45,443.85,"2,21,81,568"
SBIN,EQ,16-Sep-2021,443.85,444.85,466.10,442.75,463.70,"4,26,37,448"
SBIN,EQ,17-Sep-2021,463.70,468.00,471.90,450.35,454.10,"4,15,29,478"
SBIN,EQ,20-Sep-2021,454.10,449.40,453.50,435.65,437.45,"1,83,76,916"
SBIN,EQ,21-Sep-2021,437.45,440.15,441.35,432.65,438.80,"1,72,79,588"
SBIN,EQ,22-Sep-2021,438.80,438.90,442.80,436.10,438.85,"1,43,21,143"
SBIN,EQ,23-Sep-2021,438.85,442.40,451.15,442.05,449.80,"2,05,16,770"
SBIN,EQ,24-Sep-2021,449.80,451.10,451.90,440.00,440.75,"1,07,31,274"
SBIN,EQ,27-Sep-2021,440.75,444.90,450.55,442.25,446.60,"1,17,46,892"
SBIN,EQ,28-Sep-2021,446.60,449.20,455.80,439.60,444.90,"1,92,41,170"
SBIN,EQ,29-Sep-2021,444.90,441.85,462.30,439.10,460.00,"3,86,35,938"
SBIN,EQ,30-Sep-2021,460.00,459.95,464.90,451.40,453.00,"2,65,30,369"
SBIN,EQ,01-Oct-2021,453.00,448.50,455.55,443.80,451.65,"1,47,77,309"
SBIN,EQ,04-Oct-2021,451.65,453.80,464.40,451.60,463.15,"1,62,46,765"
SBIN,EQ,05-Oct-2021,463.15,462.00,469.00,458.70,464.70,"1,64,87,568"
SBIN,EQ,06-Oct-2021,464.70,465.00,471.00,453.65,457.20,"1,90,56,690"
SBIN,EQ,07-Oct-2021,457.20,462.10,464.00,457.10,457.90,"99,84,651"
SBIN,EQ,08-Oct-2021,457.90,461.90,464.00,454.25,458.00,"1,65,21,128"
SBIN,EQ,11-Oct-2021,458.00,460.00,474.95,458.65,469.25,"2,06,86,981"
SBIN,EQ,12-Oct-2021,469.25,470.00,484.40,468.10,483.00,"3,37,63,609"
SBIN,EQ,13-Oct-2021,483.00,486.15,486.15,478.00,481.70,"1,76,38,983"
SBIN,EQ,14-Oct-2021,481.70,482.00,493.90,482.00,490.60,"2,34,31,826"
SBIN,EQ,18-Oct-2021,490.60,494.00,501.00,491.70,497.95,"2,00,84,248"
SBIN,EQ,19-Oct-2021,497.95,500.35,504.20,483.25,488.20,"2,06,45,100"
SBIN,EQ,20-Oct-2021,488.20,488.80,507.50,483.10,499.90,"3,40,80,545"
SBIN,EQ,21-Oct-2021,499.90,504.90,506.50,491.75,502.95,"2,08,08,243"
SBIN,EQ,22-Oct-2021,502.95,504.60,508.70,500.00,502.95,"2,40,80,485"
SBIN,EQ,25-Oct-2021,502.95,506.50,515.45,497.85,506.50,"3,56,19,415"
SBIN,EQ,26-Oct-2021,506.50,507.60,518.20,507.60,512.55,"2,11,07,457"
SBIN,EQ,27-Oct-2021,512.55,513.70,526.85,512.75,519.15,"2,94,63,032"
SBIN,EQ,28-Oct-2021,519.15,519.60,520.55,497.60,501.35,"2,81,40,401"
SBIN,EQ,29-Oct-2021,501.35,501.50,512.65,488.40,502.15,"3,13,55,893"
SBIN,EQ,01-Nov-2021,502.15,508.50,516.95,501.00,515.70,"2,06,79,604"
SBIN,EQ,02-Nov-2021,515.70,514.80,525.00,512.05,521.70,"2,67,97,820"
SBIN,EQ,03-Nov-2021,521.70,524.00,542.30,515.20,527.65,"8,07,75,924"
SBIN,EQ,04-Nov-2021,527.65,531.50,535.90,528.05,530.45,"97,96,046"
SBIN,EQ,08-Nov-2021,530.45,534.45,534.45,516.45,523.25,"3,68,02,110"
SBIN,EQ,09-Nov-2021,523.25,526.25,532.00,522.20,529.15,"2,54,51,967"
SBIN,EQ,10-Nov-2021,529.15,525.55,528.50,521.50,524.40,"1,58,05,538"
SBIN,EQ,11-Nov-2021,524.40,522.85,522.85,507.10,509.60,"2,30,86,898"
SBIN,EQ,12-Nov-2021,509.60,512.00,513.00,502.70,511.35,"1,98,36,221"
SBIN,EQ,15-Nov-2021,511.35,512.40,515.90,505.50,506.55,"1,33,28,183"
SBIN,EQ,16-Nov-2021,506.55,507.40,507.40,493.50,495.10,"1,95,53,216"
SBIN,EQ,17-Nov-2021,495.10,493.85,505.40,491.00,498.15,"2,04,88,483"
SBIN,EQ,18-Nov-2021,498.15,499.10,506.20,492.30,503.80,"2,24,71,070"
SBIN,EQ,22-Nov-2021,503.80,506.00,506.00,477.50,486.40,"2,88,00,269"
SBIN,EQ,23-Nov-2021,486.40,485.25,495.40,480.00,493.05,"2,00,00,371"
SBIN,EQ,24-Nov-2021,493.05,495.80,500.00,489.05,493.15,"1,39,63,769"
SBIN,EQ,25-Nov-2021,493.15,490.00,495.45,486.30,490.55,"1,28,94,211"
SBIN,EQ,26-Nov-2021,490.55,486.25,487.90,467.10,470.50,"2,63,05,817"
SBIN,EQ,29-Nov-2021,470.50,470.00,477.75,454.30,465.10,"2,24,07,465"
SBIN,EQ,30-Nov-2021,465.10,468.00,477.25,458.00,460.55,"2,30,26,652"
SBIN,EQ,01-Dec-2021,460.55,464.45,477.25,464.00,475.30,"1,71,56,956"
SBIN,EQ,02-Dec-2021,475.30,474.50,478.15,470.95,477.00,"1,29,62,679"
SBIN,EQ,03-Dec-2021,477.00,475.75,481.50,470.05,473.15,"1,66,53,993"
SBIN,EQ,06-Dec-2021,473.15,473.15,477.00,463.80,465.30,"1,43,53,300"
SBIN,EQ,07-Dec-2021,465.30,469.20,479.70,469.20,476.70,"1,36,44,942"
SBIN,EQ,08-Dec-2021,476.70,480.90,492.40,480.25,491.55,"2,03,97,660"
SBIN,EQ,09-Dec-2021,491.55,492.30,493.50,486.10,488.65,"1,25,60,970"
SBIN,EQ,10-Dec-2021,488.65,488.50,495.95,484.40,494.70,"1,32,61,408"
SBIN,EQ,13-Dec-2021,494.70,497.75,500.45,486.35,487.80,"1,40,47,645"
SBIN,EQ,14-Dec-2021,487.80,486.00,490.35,481.80,488.55,"1,16,42,447"
SBIN,EQ,15-Dec-2021,488.55,490.00,491.00,483.50,484.80,"86,39,835"
SBIN,EQ,16-Dec-2021,484.80,488.35,490.55,478.25,481.15,"1,11,07,781"
SBIN,EQ,17-Dec-2021,481.15,480.05,481.40,466.50,467.80,"1,26,48,603"
SBIN,EQ,20-Dec-2021,467.80,459.00,464.00,443.00,449.20,"2,23,36,114"
SBIN,EQ,21-Dec-2021,449.20,457.05,458.25,444.50,446.00,"1,66,17,447"
SBIN,EQ,22-Dec-2021,446.00,450.00,457.30,449.00,455.85,"1,31,02,553"
SBIN,EQ,23-Dec-2021,455.85,461.00,465.00,457.75,461.80,"1,44,71,377"
SBIN,EQ,24-Dec-2021,461.80,462.60,463.60,452.20,456.95,"1,32,21,159"
SBIN,EQ,27-Dec-2021,456.95,453.70,460.50,450.55,458.05,"88,56,482"
SBIN,EQ,28-Dec-2021,458.05,461.20,462.90,459.05,461.20,"88,32,210"
SBIN,EQ,29-Dec-2021,461.20,461.00,462.15,451.40,454.40,"1,17,57,303"
SBIN,EQ,30-Dec-2021,454.40,452.75,454.90,448.50,451.70,"2,88,79,190"
SBIN,EQ,31-Dec-2021,451.70,454.25,461.40,453.10,460.45,"1,00,05,842"
SBIN,EQ,03-Jan-2022,460.45,462.0,472.0,460.1,470.8,"1,31,24,509"
SBIN,EQ,04-Jan-2022,470.8,472.5,484.7,471.05,483.5,"2,32,96,671"
SBIN,EQ,05-Jan-2022,483.5,481.9,495.0,479.15,492.4,"2,46,94,169"
SBIN,EQ,06-Jan-2022,492.4,487.7,494.4,485.4,491.7,"1,81,90,843"
SBIN,EQ,07-Jan-2022,491.7,493.45,501.95,489.45,491.25,"2,27,46,330"
SBIN,EQ,10-Jan-2022,491.25,493.35,504.95,492.5,503.65,"1,58,32,274"
SBIN,EQ,11-Jan-2022,503.65,503.0,507.8,499.25,505.95,"1,61,07,950"
SBIN,EQ,12-Jan-2022,505.95,509.9,513.5,508.5,510.25,"1,44,89,616"
SBIN,EQ,13-Jan-2022,510.25,510.0,512.85,507.0,511.35,"1,04,50,974"
SBIN,EQ,14-Jan-2022,511.35,509.0,510.35,505.15,508.35,"87,24,574"
SBIN,EQ,17-Jan-2022,508.35,508.0,518.9,507.55,514.0,"1,74,22,211"
SBIN,EQ,18-Jan-2022,514.0,514.0,517.45,505.0,506.8,"1,25,92,506"
SBIN,EQ,19-Jan-2022,506.8,505.0,517.65,500.3,515.8,"1,60,79,457"
SBIN,EQ,20-Jan-2022,515.8,516.0,519.15,508.0,511.4,"1,77,24,642"
SBIN,EQ,21-Jan-2022,511.4,505.3,507.5,498.0,502.7,"1,69,47,941"
SBIN,EQ,24-Jan-2022,502.7,502.4,506.8,488.0,494.15,"2,02,33,933"
SBIN,EQ,25-Jan-2022,494.15,490.0,517.5,489.0,514.65,"2,17,91,739"
SBIN,EQ,27-Jan-2022,514.65,503.55,530.85,503.2,528.95,"3,54,09,230"
SBIN,EQ,28-Jan-2022,528.95,534.0,536.4,521.4,523.45,"2,47,15,250"
SBIN,EQ,31-Jan-2022,523.45,529.0,540.9,527.05,538.3,"2,86,74,232"
SBIN,EQ,01-Feb-2022,538.3,543.95,543.95,520.0,532.3,"3,22,45,356"
SBIN,EQ,02-Feb-2022,532.3,536.65,544.25,531.35,539.8,"2,16,61,864"
SBIN,EQ,03-Feb-2022,539.8,537.15,544.7,537.15,540.1,"2,27,17,677"
SBIN,EQ,04-Feb-2022,540.1,542.15,546.4,527.3,530.3,"2,53,32,894"
SBIN,EQ,07-Feb-2022,530.3,531.9,549.0,525.25,533.25,"5,22,89,545"
SBIN,EQ,08-Feb-2022,533.25,535.5,537.65,519.0,531.35,"2,65,67,546"
SBIN,EQ,09-Feb-2022,531.35,534.95,536.5,527.75,535.25,"1,48,56,155"
SBIN,EQ,10-Feb-2022,535.25,537.1,543.95,534.4,540.55,"1,86,59,370"
SBIN,EQ,11-Feb-2022,540.55,536.25,537.7,527.1,529.6,"1,46,07,095"
SBIN,EQ,14-Feb-2022,529.6,515.0,515.6,499.7,501.4,"2,61,53,332"
SBIN,EQ,15-Feb-2022,501.4,502.0,526.85,497.1,524.8,"2,38,42,951"
SBIN,EQ,16-Feb-2022,524.8,526.5,528.0,514.0,516.7,"1,97,73,807"
SBIN,EQ,17-Feb-2022,516.7,520.0,520.0,511.15,512.95,"1,64,08,356"
SBIN,EQ,18-Feb-2022,512.95,510.1,520.9,510.1,515.3,"1,51,11,223"
SBIN,EQ,21-Feb-2022,515.3,511.55,517.5,504.65,511.85,"1,68,66,932"
SBIN,EQ,22-Feb-2022,511.85,500.9,505.3,495.5,498.4,"2,71,08,772"
SBIN,EQ,23-Feb-2022,498.4,503.0,505.35,497.25,498.7,"1,38,99,433"
SBIN,EQ,24-Feb-2022,498.7,480.0,487.95,468.0,472.65,"3,23,56,037"
SBIN,EQ,25-Feb-2022,472.65,480.0,491.9,479.3,482.95,"2,17,92,287"
SBIN,EQ,28-Feb-2022,482.95,476.9,485.3,473.1,483.2,"1,80,69,367"
SBIN,EQ,02-Mar-2022,483.2,478.0,479.8,467.0,474.25,"2,20,03,848"
SBIN,EQ,03-Mar-2022,474.25,480.0,483.4,464.6,467.4,"2,03,58,590"
SBIN,EQ,04-Mar-2022,467.4,460.3,470.9,457.65,461.95,"2,06,84,268"
SBIN,EQ,07-Mar-2022,461.95,447.5,453.95,433.45,440.3,"3,37,20,472"
SBIN,EQ,08-Mar-2022,440.3,438.0,442.1,425.0,440.3,"4,25,10,207"
SBIN,EQ,09-Mar-2022,440.3,442.0,454.3,438.55,451.7,"3,23,31,325"
SBIN,EQ,10-Mar-2022,451.7,469.9,476.65,461.65,468.7,"3,45,53,299"
SBIN,EQ,11-Mar-2022,468.7,466.4,474.8,462.0,470.35,"2,20,91,309"
SBIN,EQ,14-Mar-2022,470.35,471.0,486.0,470.55,485.15,"2,77,50,689"
SBIN,EQ,15-Mar-2022,485.15,489.0,490.5,480.65,485.85,"2,72,04,899"
SBIN,EQ,16-Mar-2022,485.85,493.0,494.3,489.4,492.75,"1,62,11,288"
SBIN,EQ,17-Mar-2022,492.75,499.0,503.5,498.3,501.9,"2,29,47,673"
SBIN,EQ,21-Mar-2022,501.9,502.0,502.0,489.0,490.6,"1,90,64,060"
SBIN,EQ,22-Mar-2022,490.6,490.6,495.8,477.25,493.7,"2,61,57,969"
SBIN,EQ,23-Mar-2022,493.7,498.5,502.4,489.2,490.65,"1,58,00,195"
SBIN,EQ,24-Mar-2022,490.65,485.0,494.8,483.5,487.1,"1,81,74,877"
SBIN,EQ,25-Mar-2022,487.1,491.75,493.3,486.6,490.7,"1,15,41,196"
SBIN,EQ,28-Mar-2022,490.7,490.95,498.6,481.95,497.5,"1,67,38,684"
SBIN,EQ,29-Mar-2022,497.5,500.0,501.4,491.7,495.0,"1,43,01,429"
SBIN,EQ,30-Mar-2022,495.0,499.3,500.4,492.3,494.3,"1,64,61,225"
SBIN,EQ,31-Mar-2022,494.3,494.3,497.55,492.2,493.55,"1,02,40,982"
SBIN,EQ,01-Apr-2022,493.55,491.0,509.75,491.0,508.2,"1,85,27,226"
SBIN,EQ,04-Apr-2022,508.2,509.3,514.9,506.0,512.4,"1,62,57,176"
SBIN,EQ,05-Apr-2022,512.4,514.4,516.4,507.7,509.4,"1,36,02,384"
SBIN,EQ,06-Apr-2022,509.4,507.0,515.2,506.0,513.95,"1,37,38,275"
SBIN,EQ,07-Apr-2022,513.95,510.05,519.9,510.05,514.95,"1,96,20,958"
SBIN,EQ,08-Apr-2022,514.95,519.5,519.5,512.35,516.1,"1,35,72,638"
SBIN,EQ,11-Apr-2022,516.1,513.5,522.0,513.2,514.9,"1,23,70,288"
SBIN,EQ,12-Apr-2022,514.9,512.75,516.7,504.35,512.85,"1,44,60,680"
SBIN,EQ,13-Apr-2022,512.85,514.3,520.9,513.75,517.7,"1,54,40,525"
SBIN,EQ,18-Apr-2022,517.7,512.0,515.0,504.0,509.5,"1,44,92,183"
SBIN,EQ,19-Apr-2022,509.5,513.25,520.95,505.1,511.8,"2,03,62,934"
SBIN,EQ,20-Apr-2022,511.8,512.0,513.7,507.0,509.3,"1,18,81,305"
SBIN,EQ,21-Apr-2022,509.3,513.4,518.0,512.2,516.3,"1,00,35,638"
SBIN,EQ,22-Apr-2022,516.3,512.9,513.5,499.0,500.6,"1,67,60,456"
SBIN,EQ,25-Apr-2022,500.6,495.0,499.2,490.05,494.75,"1,40,57,444"
SBIN,EQ,26-Apr-2022,494.75,499.0,507.9,498.45,505.5,"1,21,37,213"
SBIN,EQ,27-Apr-2022,505.5,500.0,502.8,491.85,497.25,"1,23,67,342"
SBIN,EQ,28-Apr-2022,497.25,499.15,510.0,496.5,507.5,"1,21,54,792"
SBIN,EQ,29-Apr-2022,507.5,508.1,512.5,494.0,496.3,"1,28,94,773"
SBIN,EQ,02-May-2022,496.3,492.65,495.0,481.3,491.0,"1,85,90,895"
SBIN,EQ,04-May-2022,491.0,492.0,496.45,477.5,479.65,"1,46,45,323"
SBIN,EQ,05-May-2022,479.65,485.0,494.0,478.65,480.0,"1,41,30,385"
SBIN,EQ,06-May-2022,480.0,471.0,486.1,471.0,483.95,"1,67,10,020"
SBIN,EQ,09-May-2022,483.95,477.1,483.7,473.8,475.9,"1,35,44,947"
SBIN,EQ,10-May-2022,475.9,477.0,482.55,473.5,475.2,"1,08,84,328"
SBIN,EQ,11-May-2022,475.2,475.25,479.0,463.65,476.55,"1,47,71,351"
SBIN,EQ,12-May-2022,476.55,473.0,473.0,456.35,462.65,"1,89,47,096"
SBIN,EQ,13-May-2022,462.65,469.45,477.0,439.75,444.65,"6,14,03,008"
SBIN,EQ,16-May-2022,444.65,445.0,461.5,438.85,455.0,"2,79,40,958"
SBIN,EQ,17-May-2022,455.0,458.3,469.65,456.15,467.3,"1,68,80,698"
SBIN,EQ,18-May-2022,467.3,467.9,468.6,457.1,458.0,"1,56,44,497"
SBIN,EQ,19-May-2022,458.0,449.05,450.0,444.45,447.5,"1,42,01,420"
SBIN,EQ,20-May-2022,447.5,454.85,464.0,454.15,462.4,"1,35,96,860"
SBIN,EQ,23-May-2022,462.4,463.1,471.4,459.5,460.9,"1,34,99,415"
SBIN,EQ,24-May-2022,460.9,462.4,466.8,460.2,462.05,"1,71,75,179"
SBIN,EQ,25-May-2022,462.05,461.0,464.45,452.05,454.1,"1,27,28,644"
SBIN,EQ,26-May-2022,454.1,456.85,470.1,452.5,468.9,"1,70,55,257"
SBIN,EQ,27-May-2022,468.9,471.4,475.0,467.5,468.95,"1,09,77,001"
SBIN,EQ,30-May-2022,468.95,473.0,476.9,471.1,474.6,"93,65,470"
SBIN,EQ,31-May-2022,474.6,474.0,476.4,465.0,468.1,"1,54,41,579"
SBIN,EQ,01-Jun-2022,468.1,468.0,472.0,464.7,468.3,"94,24,008"
SBIN,EQ,02-Jun-2022,468.3,466.9,472.35,466.15,469.85,"93,70,989"
SBIN,EQ,03-Jun-2022,469.85,473.25,475.5,463.5,464.5,"1,13,06,291"
SBIN,EQ,06-Jun-2022,464.5,464.2,465.6,456.5,463.7,"1,06,61,432"
SBIN,EQ,07-Jun-2022,463.7,461.85,465.95,460.5,463.4,"76,72,515"
SBIN,EQ,08-Jun-2022,463.4,466.6,475.55,463.2,471.3,"1,71,68,871"
SBIN,EQ,09-Jun-2022,471.3,468.95,470.9,462.45,466.95,"1,26,35,601"
SBIN,EQ,10-Jun-2022,466.95,462.0,464.15,458.6,461.85,"86,21,104"
SBIN,EQ,13-Jun-2022,461.85,454.0,454.05,442.1,445.85,"1,34,26,836"
SBIN,EQ,14-Jun-2022,445.85,445.0,449.25,443.35,448.1,"1,13,51,101"
SBIN,EQ,15-Jun-2022,448.1,448.95,455.45,448.6,451.35,"99,20,926"
SBIN,EQ,16-Jun-2022,451.35,455.15,457.75,440.15,441.6,"1,07,80,703"
SBIN,EQ,17-Jun-2022,441.6,440.0,447.55,437.25,441.0,"1,43,26,050"
SBIN,EQ,20-Jun-2022,441.0,441.5,443.45,430.7,434.7,"1,23,68,534"
SBIN,EQ,21-Jun-2022,434.7,439.5,454.95,437.6,450.75,"1,38,01,891"
SBIN,EQ,22-Jun-2022,450.75,448.75,451.2,444.65,447.65,"1,10,66,447"
SBIN,EQ,23-Jun-2022,447.65,449.0,456.45,446.0,451.4,"1,22,29,833"
SBIN,EQ,24-Jun-2022,451.4,455.8,460.35,453.2,454.25,"1,08,33,364"
SBIN,EQ,27-Jun-2022,454.25,459.95,464.85,458.05,461.2,"95,09,175"
SBIN,EQ,28-Jun-2022,461.2,458.9,465.75,458.0,464.25,"1,32,61,290"
SBIN,EQ,29-Jun-2022,464.25,460.0,462.7,458.0,459.1,"1,18,00,876"
SBIN,EQ,30-Jun-2022,459.1,459.0,469.3,458.6,465.9,"1,69,26,328"
SBIN,EQ,01-Jul-2022,465.9,463.35,468.8,460.55,466.85,"94,05,495"
SBIN,EQ,04-Jul-2022,466.85,466.85,474.15,466.85,473.45,"91,86,358"
SBIN,EQ,05-Jul-2022,473.45,475.15,480.0,471.0,472.15,"1,20,03,244"
SBIN,EQ,06-Jul-2022,472.15,475.15,481.0,473.9,479.95,"1,20,59,857"
SBIN,EQ,07-Jul-2022,479.95,484.0,488.25,481.6,486.75,"1,14,97,832"
SBIN,EQ,08-Jul-2022,486.75,489.0,489.9,485.15,488.55,"90,57,231"
SBIN,EQ,11-Jul-2022,488.55,485.0,491.3,485.0,488.2,"77,04,792"
SBIN,EQ,12-Jul-2022,488.2,485.0,491.35,483.1,484.95,"73,64,457"
SBIN,EQ,13-Jul-2022,484.95,487.75,492.45,484.55,486.5,"82,08,853"
SBIN,EQ,14-Jul-2022,486.5,486.6,488.9,476.8,479.35,"93,85,630"
SBIN,EQ,15-Jul-2022,479.35,482.55,484.4,474.7,479.1,"69,45,602"
SBIN,EQ,18-Jul-2022,479.1,484.55,491.5,482.1,490.3,"99,34,786"
SBIN,EQ,19-Jul-2022,490.3,488.0,498.55,488.0,497.95,"1,17,24,183"
SBIN,EQ,20-Jul-2022,497.95,501.0,510.6,500.4,508.6,"1,92,80,117"
SBIN,EQ,21-Jul-2022,508.6,509.8,513.4,506.75,512.05,"1,38,14,893"
SBIN,EQ,22-Jul-2022,512.05,513.45,520.2,511.2,513.7,"1,46,99,129"
SBIN,EQ,25-Jul-2022,513.7,513.4,519.0,509.15,517.8,"1,02,29,778"
SBIN,EQ,26-Jul-2022,517.8,517.7,520.8,513.1,514.2,"88,62,656"
SBIN,EQ,27-Jul-2022,514.2,515.3,529.95,512.25,528.2,"1,51,01,546"
SBIN,EQ,28-Jul-2022,528.2,533.2,537.5,529.55,532.45,"1,21,60,734"
SBIN,EQ,29-Jul-2022,532.45,535.05,537.0,526.75,528.35,"1,19,21,058"
SBIN,EQ,01-Aug-2022,528.35,529.05,535.0,526.4,533.75,"82,95,631"
SBIN,EQ,02-Aug-2022,533.75,531.9,544.9,531.1,542.1,"1,68,45,027"
SBIN,EQ,03-Aug-2022,542.1,541.9,546.4,534.65,540.85,"2,42,62,125"
SBIN,EQ,04-Aug-2022,540.85,543.65,544.0,524.2,533.25,"1,80,72,293"
SBIN,EQ,05-Aug-2022,533.25,535.55,542.9,529.0,531.05,"2,11,10,734"
SBIN,EQ,08-Aug-2022,531.05,524.0,524.0,513.85,520.4,"3,25,66,317"
SBIN,EQ,10-Aug-2022,520.4,521.55,523.5,513.4,514.7,"1,69,04,151"
SBIN,EQ,11-Aug-2022,514.7,520.0,526.0,517.2,524.75,"1,38,62,195"
SBIN,EQ,12-Aug-2022,524.75,525.7,531.8,525.15,530.7,"1,21,54,012"
SBIN,EQ,16-Aug-2022,530.7,533.3,533.85,525.0,525.95,"1,07,21,167"
SBIN,EQ,17-Aug-2022,525.95,528.85,530.55,524.35,528.15,"1,20,54,183"
SBIN,EQ,18-Aug-2022,528.15,526.85,534.8,526.2,532.35,"90,13,662"
SBIN,EQ,19-Aug-2022,532.35,532.0,533.65,518.5,520.35,"1,10,87,222"
SBIN,EQ,22-Aug-2022,520.35,519.0,519.9,510.0,511.3,"96,76,954"
SBIN,EQ,23-Aug-2022,511.3,508.25,524.0,508.25,521.9,"85,97,965"
SBIN,EQ,24-Aug-2022,521.9,519.0,523.0,512.3,519.3,"1,19,30,650"
SBIN,EQ,25-Aug-2022,519.3,521.95,528.3,518.5,520.4,"1,54,73,450"
SBIN,EQ,26-Aug-2022,520.4,523.8,529.5,522.2,523.8,"1,28,55,886"
SBIN,EQ,29-Aug-2022,523.8,511.3,517.0,508.75,514.85,"94,21,339"
SBIN,EQ,30-Aug-2022,514.85,518.2,532.5,517.95,531.25,"1,48,35,308"
SBIN,EQ,01-Sep-2022,531.25,522.25,540.9,522.25,533.3,"1,66,70,228"
SBIN,EQ,02-Sep-2022,533.3,537.0,537.85,531.25,536.7,"1,00,17,930"
SBIN,EQ,05-Sep-2022,536.7,537.0,540.8,536.3,538.9,"78,19,994"
SBIN,EQ,06-Sep-2022,538.9,538.0,542.7,534.1,537.8,"86,57,868"
SBIN,EQ,07-Sep-2022,537.8,534.4,537.45,531.55,532.85,"84,45,359"
SBIN,EQ,08-Sep-2022,532.85,536.0,546.3,535.5,544.65,"1,22,40,707"
SBIN,EQ,09-Sep-2022,544.65,549.65,557.0,548.0,553.35,"1,85,87,927"
SBIN,EQ,12-Sep-2022,553.35,554.9,558.6,551.25,554.9,"96,77,415"
SBIN,EQ,13-Sep-2022,554.9,560.0,560.0,553.75,558.0,"1,67,07,275"
SBIN,EQ,14-Sep-2022,558.0,550.0,574.85,549.25,571.75,"2,16,32,641"
SBIN,EQ,15-Sep-2022,571.75,572.55,578.5,567.9,572.15,"1,27,49,947"
SBIN,EQ,16-Sep-2022,572.15,569.1,574.0,560.3,561.8,"1,47,39,280"
SBIN,EQ,19-Sep-2022,561.8,560.7,574.4,559.55,572.25,"1,11,94,003"
SBIN,EQ,20-Sep-2022,572.25,577.95,577.95,572.85,574.05,"84,84,017"
SBIN,EQ,21-Sep-2022,574.05,575.0,577.3,565.4,569.7,"93,92,526"
SBIN,EQ,22-Sep-2022,569.7,566.75,574.0,562.0,567.3,"1,18,69,435"
SBIN,EQ,23-Sep-2022,567.3,564.8,568.0,549.5,550.6,"1,25,63,239"
SBIN,EQ,26-Sep-2022,550.6,545.8,549.0,533.0,543.3,"1,61,58,750"
SBIN,EQ,27-Sep-2022,543.3,544.55,550.9,533.2,536.5,"1,10,66,799"
SBIN,EQ,28-Sep-2022,536.5,532.9,539.8,520.35,524.85,"1,22,33,485"
SBIN,EQ,29-Sep-2022,524.85,529.0,535.7,519.55,521.75,"1,73,10,168"
SBIN,EQ,30-Sep-2022,521.75,524.0,536.9,516.15,530.6,"1,74,66,950"
SBIN,EQ,03-Oct-2022,530.6,527.6,531.65,518.5,519.75,"93,51,162"
SBIN,EQ,04-Oct-2022,519.75,533.0,535.8,527.8,532.7,"87,45,887"
SBIN,EQ,06-Oct-2022,532.7,534.6,541.8,534.6,537.3,"95,07,322"
SBIN,EQ,07-Oct-2022,537.3,535.5,535.6,526.55,530.2,"1,10,65,307"
SBIN,EQ,10-Oct-2022,530.2,525.7,533.9,522.2,530.75,"96,49,292"
SBIN,EQ,11-Oct-2022,530.75,530.75,533.7,525.5,527.4,"1,08,25,440"
SBIN,EQ,12-Oct-2022,527.4,530.0,535.0,526.0,533.8,"85,22,604"
SBIN,EQ,13-Oct-2022,533.8,533.0,533.8,520.2,521.45,"1,29,72,765"
SBIN,EQ,14-Oct-2022,521.45,530.2,534.85,526.0,527.2,"85,45,479"
SBIN,EQ,17-Oct-2022,527.2,526.4,544.7,524.2,543.65,"1,34,85,349"
SBIN,EQ,18-Oct-2022,543.65,547.1,563.5,546.75,562.45,"2,04,40,781"
SBIN,EQ,19-Oct-2022,562.45,563.0,563.45,551.55,553.4,"95,40,583"
SBIN,EQ,20-Oct-2022,553.4,552.0,556.8,545.3,555.4,"1,12,25,588"
SBIN,EQ,21-Oct-2022,555.4,557.25,565.8,557.25,560.85,"1,17,67,639"
SBIN,EQ,24-Oct-2022,560.85,567.0,572.5,565.9,570.5,"36,92,065"
SBIN,EQ,25-Oct-2022,570.5,572.5,586.2,568.0,578.55,"1,98,99,324"
SBIN,EQ,27-Oct-2022,578.55,583.95,585.0,577.6,579.65,"1,36,13,533"
SBIN,EQ,28-Oct-2022,579.65,579.95,582.65,567.0,570.75,"1,00,43,644"
SBIN,EQ,31-Oct-2022,570.75,574.95,577.45,568.4,573.8,"98,94,639"
SBIN,EQ,01-Nov-2022,573.8,576.35,585.75,574.6,576.9,"1,20,69,579"
SBIN,EQ,02-Nov-2022,576.9,575.9,578.95,569.9,573.85,"1,02,41,440"
SBIN,EQ,03-Nov-2022,573.85,569.0,587.95,568.0,584.9,"1,75,57,998"
SBIN,EQ,04-Nov-2022,584.9,586.0,596.95,580.4,593.95,"2,57,59,031"
SBIN,EQ,07-Nov-2022,593.95,613.0,622.7,607.7,614.15,"4,42,65,903"
SBIN,EQ,09-Nov-2022,614.15,621.0,621.0,610.55,615.55,"1,89,39,854"
SBIN,EQ,10-Nov-2022,615.55,613.1,615.1,602.2,605.75,"1,16,18,405"
SBIN,EQ,11-Nov-2022,605.75,617.25,619.55,598.5,601.3,"1,55,25,267"
SBIN,EQ,14-Nov-2022,601.3,603.95,603.95,591.65,592.55,"1,29,57,268"
SBIN,EQ,15-Nov-2022,592.55,594.3,602.1,592.65,600.85,"1,02,86,417"
SBIN,EQ,16-Nov-2022,600.85,599.95,603.5,596.0,599.75,"1,15,55,749"
SBIN,EQ,17-Nov-2022,599.75,599.1,602.75,596.15,599.05,"81,67,131"
SBIN,EQ,18-Nov-2022,599.05,601.0,605.75,597.15,602.7,"1,29,33,675"
SBIN,EQ,21-Nov-2022,602.7,602.1,602.1,595.35,598.1,"74,12,419"
SBIN,EQ,22-Nov-2022,598.1,598.15,600.7,596.15,599.1,"80,48,595"
SBIN,EQ,23-Nov-2022,599.1,601.55,609.6,601.0,607.65,"1,24,35,924"
SBIN,EQ,24-Nov-2022,607.65,609.75,611.3,605.8,609.35,"89,60,032"
SBIN,EQ,25-Nov-2022,609.35,610.55,613.7,606.25,607.4,"99,94,513"
SBIN,EQ,28-Nov-2022,607.4,605.6,610.9,602.35,608.6,"79,34,274"
SBIN,EQ,29-Nov-2022,608.6,607.1,611.8,607.1,608.55,"69,42,919"
SBIN,EQ,30-Nov-2022,608.55,608.5,611.4,598.4,602.45,"1,56,06,230"
SBIN,EQ,01-Dec-2022,602.45,607.85,609.8,601.55,608.1,"1,42,09,313"
SBIN,EQ,02-Dec-2022,608.1,607.5,609.6,604.25,607.55,"75,33,838"
SBIN,EQ,05-Dec-2022,607.55,608.5,618.0,607.55,617.3,"1,15,85,602"
SBIN,EQ,06-Dec-2022,617.3,614.75,619.8,607.8,608.95,"1,29,96,244"
SBIN,EQ,07-Dec-2022,608.95,610.85,612.9,604.5,607.05,"76,13,892"
SBIN,EQ,08-Dec-2022,607.05,609.75,613.8,607.15,611.65,"1,00,20,015"
SBIN,EQ,09-Dec-2022,611.65,614.4,618.0,609.1,616.5,"1,12,02,267"
SBIN,EQ,12-Dec-2022,616.5,614.8,618.7,611.0,613.05,"92,85,187"
SBIN,EQ,13-Dec-2022,613.05,613.5,617.4,612.5,616.75,"74,55,415"
SBIN,EQ,14-Dec-2022,616.75,618.5,626.75,617.5,625.5,"1,40,10,673"
SBIN,EQ,15-Dec-2022,625.5,625.55,629.55,614.3,615.95,"1,06,22,271"
SBIN,EQ,16-Dec-2022,615.95,612.0,615.6,602.1,603.35,"94,35,071"
SBIN,EQ,19-Dec-2022,603.35,604.0,609.5,603.0,604.45,"83,22,012"
SBIN,EQ,20-Dec-2022,604.45,603.0,606.5,599.55,604.45,"67,53,785"
SBIN,EQ,21-Dec-2022,604.45,605.9,609.15,589.6,593.4,"92,17,253"
SBIN,EQ,22-Dec-2022,593.4,597.0,599.0,587.55,593.4,"87,40,149"
SBIN,EQ,23-Dec-2022,593.4,590.0,590.7,571.5,574.0,"1,30,47,046"
SBIN,EQ,26-Dec-2022,574.0,574.0,601.7,570.7,597.1,"1,32,01,587"
SBIN,EQ,27-Dec-2022,597.1,600.4,603.1,593.3,601.9,"96,38,618"
SBIN,EQ,28-Dec-2022,601.9,600.9,607.0,598.55,601.05,"79,88,631"
SBIN,EQ,29-Dec-2022,601.05,600.0,618.0,597.15,611.8,"2,01,30,392"
SBIN,EQ,30-Dec-2022,611.8,615.25,620.55,611.35,613.7,"1,30,52,895"
SBIN,EQ,02-Jan-2023,613.7,614.95,619.2,611.2,612.2,"67,26,084"
SBIN,EQ,03-Jan-2023,612.2,614.5,616.6,610.0,612.4,"68,18,062"
SBIN,EQ,04-Jan-2023,612.4,611.85,614.95,604.0,605.2,"70,11,191"
SBIN,EQ,05-Jan-2023,605.2,607.0,611.6,601.95,605.1,"82,41,475"
SBIN,EQ,06-Jan-2023,605.1,607.4,607.45,597.0,600.65,"79,72,036"
SBIN,EQ,09-Jan-2023,600.65,605.0,609.0,600.1,607.7,"88,78,905"
SBIN,EQ,10-Jan-2023,607.7,608.45,609.0,590.6,595.15,"1,06,22,660"
SBIN,EQ,11-Jan-2023,595.15,596.45,599.5,592.25,596.7,"74,19,630"
SBIN,EQ,12-Jan-2023,596.7,597.9,597.9,590.1,594.9,"81,83,715"
SBIN,EQ,13-Jan-2023,594.9,597.9,602.9,593.65,600.1,"78,77,610"
SBIN,EQ,16-Jan-2023,600.1,603.0,606.1,600.6,603.0,"54,83,191"
SBIN,EQ,17-Jan-2023,603.0,603.0,606.0,586.05,592.95,"1,34,61,999"
SBIN,EQ,18-Jan-2023,592.95,595.9,597.15,587.6,591.45,"1,15,38,075"
SBIN,EQ,19-Jan-2023,591.45,591.0,591.75,587.55,589.85,"74,75,688"
SBIN,EQ,20-Jan-2023,589.85,593.8,596.6,590.8,592.2,"67,50,607"
SBIN,EQ,23-Jan-2023,592.2,598.5,601.75,592.95,600.45,"66,04,469"
SBIN,EQ,24-Jan-2023,600.45,603.5,604.6,593.05,594.35,"76,09,623"
SBIN,EQ,25-Jan-2023,594.35,595.85,595.85,567.4,568.7,"2,56,86,294"
SBIN,EQ,27-Jan-2023,568.7,568.0,568.55,532.25,539.95,"4,01,63,464"
SBIN,EQ,30-Jan-2023,539.95,536.0,554.35,525.2,538.2,"4,07,97,825"
SBIN,EQ,31-Jan-2023,538.2,545.0,557.0,537.85,553.5,"2,19,11,943"
SBIN,EQ,01-Feb-2023,553.5,561.4,565.0,499.35,527.35,"3,82,18,810"
SBIN,EQ,02-Feb-2023,527.35,520.2,532.65,502.5,528.1,"3,92,87,056"
SBIN,EQ,03-Feb-2023,528.1,536.0,545.95,519.15,544.2,"3,23,17,232"
SBIN,EQ,06-Feb-2023,544.2,558.8,558.8,536.55,545.4,"2,53,38,586"
SBIN,EQ,07-Feb-2023,545.4,548.0,551.4,541.05,547.1,"1,61,95,947"
SBIN,EQ,08-Feb-2023,547.1,550.0,554.5,545.5,549.75,"1,55,02,847"
SBIN,EQ,09-Feb-2023,549.75,552.0,552.0,542.8,550.8,"1,50,61,047"
SBIN,EQ,10-Feb-2023,550.8,546.5,557.25,546.5,553.05,"1,38,24,475"
SBIN,EQ,13-Feb-2023,553.05,554.0,556.9,533.3,537.5,"1,84,88,732"
SBIN,EQ,14-Feb-2023,537.5,539.95,544.6,530.75,540.85,"1,85,59,909"
SBIN,EQ,15-Feb-2023,540.85,540.0,544.65,536.8,542.25,"1,27,96,579"
SBIN,EQ,16-Feb-2023,542.25,546.85,546.85,538.5,540.1,"1,27,67,016"
SBIN,EQ,17-Feb-2023,540.1,538.5,539.65,527.75,531.0,"1,41,92,008"
SBIN,EQ,20-Feb-2023,531.0,532.0,533.95,522.15,525.15,"1,25,70,032"
SBIN,EQ,21-Feb-2023,525.15,527.1,528.95,522.4,523.45,"1,02,23,218"
SBIN,EQ,22-Feb-2023,523.45,520.75,521.9,512.5,516.35,"1,47,63,050"
SBIN,EQ,23-Feb-2023,516.35,516.95,524.0,511.35,521.0,"1,55,35,085"
SBIN,EQ,24-Feb-2023,521.0,524.2,527.5,517.6,521.05,"1,22,53,035"
SBIN,EQ,27-Feb-2023,521.05,521.1,529.8,519.0,527.7,"1,10,48,799"
SBIN,EQ,28-Feb-2023,527.7,527.25,528.45,521.05,522.8,"1,57,68,010"
SBIN,EQ,01-Mar-2023,522.8,523.25,537.4,523.1,536.7,"1,35,10,198"
SBIN,EQ,02-Mar-2023,536.7,535.95,539.9,532.5,533.75,"1,03,76,913"
SBIN,EQ,03-Mar-2023,533.75,542.0,564.3,541.75,561.2,"2,76,56,538"
SBIN,EQ,06-Mar-2023,561.2,564.9,567.9,559.0,561.7,"1,61,62,268"
SBIN,EQ,08-Mar-2023,561.7,560.0,565.5,556.45,564.8,"1,26,37,578"
SBIN,EQ,09-Mar-2023,564.8,564.75,565.75,558.0,558.9,"89,93,423"
SBIN,EQ,10-Mar-2023,558.9,553.1,554.95,545.0,547.35,"1,15,22,371"
SBIN,EQ,13-Mar-2023,547.35,547.0,553.15,528.45,530.0,"1,43,73,729"
SBIN,EQ,14-Mar-2023,530.0,527.65,532.8,520.0,525.4,"1,47,50,800"
SBIN,EQ,15-Mar-2023,525.4,529.8,532.0,515.55,517.55,"1,12,82,329"
SBIN,EQ,16-Mar-2023,517.55,518.4,529.35,514.3,524.5,"2,00,40,008"
SBIN,EQ,17-Mar-2023,524.5,528.65,531.6,520.1,529.8,"1,87,87,379"
SBIN,EQ,20-Mar-2023,529.8,526.6,526.6,515.0,519.2,"1,42,75,315"
SBIN,EQ,21-Mar-2023,519.2,522.0,523.45,516.45,521.85,"2,94,85,180"
SBIN,EQ,22-Mar-2023,521.85,522.2,527.0,520.1,521.55,"1,16,19,538"
SBIN,EQ,23-Mar-2023,521.55,519.4,521.0,511.5,512.75,"2,20,97,792"
SBIN,EQ,24-Mar-2023,512.75,514.5,514.95,503.45,505.35,"1,44,16,984"
SBIN,EQ,27-Mar-2023,505.35,507.0,514.15,501.55,510.15,"1,56,74,218"
SBIN,EQ,28-Mar-2023,510.15,511.45,511.75,503.85,508.1,"1,58,33,599"
SBIN,EQ,29-Mar-2023,508.1,509.0,518.0,506.3,516.5,"2,42,03,789"
SBIN,EQ,31-Mar-2023,516.5,520.65,524.9,519.35,523.75,"1,73,56,345"
SBIN,EQ,03-Apr-2023,523.75,524.75,528.5,522.1,526.75,"1,42,10,949"
SBIN,EQ,05-Apr-2023,526.75,527.0,527.6,519.05,523.0,"1,35,74,801"
SBIN,EQ,06-Apr-2023,523.0,524.0,533.7,521.65,527.65,"2,51,25,879"
SBIN,EQ,10-Apr-2023,527.65,529.25,530.4,524.4,526.3,"1,73,35,453"
SBIN,EQ,11-Apr-2023,526.3,530.85,535.7,527.15,532.1,"2,64,14,406"
SBIN,EQ,12-Apr-2023,532.1,533.2,534.0,526.0,528.2,"2,12,92,441"
SBIN,EQ,13-Apr-2023,528.2,529.3,534.25,527.15,532.95,"2,85,97,560"
SBIN,EQ,17-Apr-2023,532.95,528.0,545.0,528.0,544.0,"3,24,76,990"
SBIN,EQ,18-Apr-2023,544.0,545.35,548.5,540.5,545.85,"2,22,83,456"
SBIN,EQ,19-Apr-2023,545.85,544.0,547.5,538.25,540.3,"2,11,56,372"
SBIN,EQ,20-Apr-2023,540.3,541.2,545.45,536.65,544.8,"2,55,88,577"
SBIN,EQ,21-Apr-2023,544.8,545.0,546.4,539.7,543.15,"2,25,99,418"
SBIN,EQ,24-Apr-2023,543.15,543.8,555.55,543.5,554.6,"2,33,35,611"
SBIN,EQ,25-Apr-2023,554.6,555.0,567.9,555.0,561.8,"3,81,42,390"
SBIN,EQ,26-Apr-2023,561.8,562.0,567.0,556.45,566.35,"2,31,43,882"
SBIN,EQ,27-Apr-2023,566.35,565.0,567.4,561.1,564.75,"1,78,45,169"
SBIN,EQ,28-Apr-2023,564.75,567.8,580.45,565.5,578.3,"1,61,83,423"
SBIN,EQ,02-May-2023,578.3,580.0,580.85,573.15,575.3,"1,36,67,511"
SBIN,EQ,03-May-2023,575.3,570.65,575.0,569.0,570.5,"96,99,527"
SBIN,EQ,04-May-2023,570.5,570.2,580.8,568.5,580.0,"1,25,33,761"
SBIN,EQ,05-May-2023,580.0,580.2,588.25,575.05,576.5,"1,81,63,461"
SBIN,EQ,08-May-2023,576.5,577.65,587.6,577.35,583.6,"1,29,90,869"
SBIN,EQ,09-May-2023,583.6,585.0,586.45,572.1,573.5,"1,89,59,065"
SBIN,EQ,10-May-2023,573.5,575.0,575.0,563.25,572.2,"1,85,61,315"
SBIN,EQ,11-May-2023,572.2,572.2,580.0,572.0,573.45,"1,60,16,715"
SBIN,EQ,12-May-2023,573.45,574.7,580.75,571.55,578.15,"1,13,19,335"
SBIN,EQ,15-May-2023,578.15,578.75,584.0,574.65,581.9,"1,14,10,243"
SBIN,EQ,16-May-2023,581.9,584.0,590.4,582.0,586.3,"2,21,78,229"
SBIN,EQ,17-May-2023,586.3,586.0,590.5,579.5,586.3,"2,37,39,774"
SBIN,EQ,18-May-2023,586.3,590.3,593.9,571.4,574.2,"4,56,56,620"
SBIN,EQ,19-May-2023,574.2,579.0,586.25,569.9,575.15,"4,22,93,962"
SBIN,EQ,22-May-2023,575.15,577.5,580.3,573.45,577.15,"2,14,84,049"
SBIN,EQ,23-May-2023,577.15,578.9,583.7,576.8,581.6,"1,61,20,548"
SBIN,EQ,24-May-2023,581.6,579.8,585.25,578.25,582.7,"1,76,16,658"
SBIN,EQ,25-May-2023,582.7,582.0,582.9,577.0,581.25,"1,64,79,436"
SBIN,EQ,26-May-2023,581.25,581.25,587.75,580.55,586.0,"97,88,076"
SBIN,EQ,29-May-2023,586.0,590.0,596.4,588.05,595.0,"1,84,32,231"
SBIN,EQ,30-May-2023,595.0,595.0,595.5,591.5,592.8,"1,50,31,640"
SBIN,EQ,31-May-2023,592.8,583.8,584.8,577.5,579.85,"2,87,97,643"
SBIN,EQ,01-Jun-2023,579.85,581.8,586.4,581.0,582.75,"1,78,20,226"
SBIN,EQ,02-Jun-2023,582.75,584.7,588.9,583.0,587.2,"1,13,23,908"
SBIN,EQ,05-Jun-2023,587.2,588.5,589.8,586.0,587.2,"1,29,20,507"
SBIN,EQ,06-Jun-2023,587.2,588.0,588.9,583.0,585.35,"1,11,99,940"
SBIN,EQ,07-Jun-2023,585.35,588.0,590.6,586.0,589.2,"1,11,13,781"
SBIN,EQ,08-Jun-2023,589.2,589.95,593.95,586.35,588.5,"1,59,71,917"
SBIN,EQ,09-Jun-2023,588.5,588.0,589.1,576.75,578.7,"1,88,70,272"
SBIN,EQ,12-Jun-2023,578.7,580.0,581.5,577.7,578.65,"87,86,066"
SBIN,EQ,13-Jun-2023,578.65,579.45,581.4,574.25,576.4,"1,26,12,098"
SBIN,EQ,14-Jun-2023,576.4,577.0,578.55,575.25,576.55,"89,48,696"
SBIN,EQ,15-Jun-2023,576.55,576.0,576.7,565.25,566.5,"1,79,34,877"
SBIN,EQ,16-Jun-2023,566.5,568.75,574.7,567.05,571.25,"1,26,60,226"
SBIN,EQ,19-Jun-2023,571.25,571.25,572.75,565.9,568.85,"1,79,03,691"
SBIN,EQ,20-Jun-2023,568.85,568.85,569.45,562.55,567.4,"1,45,49,152"
SBIN,EQ,21-Jun-2023,567.4,567.4,569.5,565.65,566.35,"1,49,46,871"
SBIN,EQ,22-Jun-2023,566.35,566.35,569.0,561.05,562.95,"1,49,79,063"
SBIN,EQ,23-Jun-2023,562.95,562.0,562.1,553.8,554.6,"1,22,15,712"
SBIN,EQ,26-Jun-2023,554.6,556.0,558.5,554.5,557.05,"83,60,264"
SBIN,EQ,27-Jun-2023,557.05,558.25,567.95,555.65,566.1,"1,06,94,768"
SBIN,EQ,28-Jun-2023,566.1,572.25,574.0,568.55,569.8,"1,80,28,934"
SBIN,EQ,30-Jun-2023,569.8,574.0,574.0,570.2,572.85,"87,18,232"
SBIN,EQ,03-Jul-2023,572.85,574.5,586.35,573.9,585.45,"1,54,21,985"
SBIN,EQ,04-Jul-2023,585.45,588.2,595.95,582.25,589.25,"2,47,99,250"
SBIN,EQ,05-Jul-2023,589.25,589.8,593.7,588.2,590.6,"1,35,98,114"
SBIN,EQ,06-Jul-2023,590.6,590.4,593.5,589.1,592.5,"1,13,23,509"
SBIN,EQ,07-Jul-2023,592.5,590.0,595.5,585.5,593.6,"1,17,07,209"
SBIN,EQ,10-Jul-2023,593.6,594.65,599.8,590.25,592.6,"1,14,17,363"
SBIN,EQ,11-Jul-2023,592.6,595.0,595.95,587.35,588.55,"1,32,21,177"
SBIN,EQ,12-Jul-2023,588.55,589.0,594.5,588.2,589.25,"1,60,29,716"
SBIN,EQ,13-Jul-2023,589.25,594.9,598.0,583.35,585.65,"2,00,24,503"
SBIN,EQ,14-Jul-2023,585.65,586.75,591.3,580.7,584.4,"1,21,90,152"
SBIN,EQ,17-Jul-2023,584.4,587.0,602.85,584.2,601.1,"1,93,78,986"
SBIN,EQ,18-Jul-2023,601.1,603.05,604.05,588.75,592.35,"2,57,57,209"
SBIN,EQ,19-Jul-2023,592.35,594.65,602.4,592.0,601.45,"1,75,56,585"
SBIN,EQ,20-Jul-2023,601.45,601.4,610.8,598.75,610.05,"3,40,38,351"
SBIN,EQ,21-Jul-2023,610.05,610.0,619.5,609.0,615.1,"2,10,40,281"
SBIN,EQ,24-Jul-2023,615.1,615.05,621.9,614.3,617.65,"1,17,56,364"
SBIN,EQ,25-Jul-2023,617.65,621.8,621.8,604.2,609.6,"1,85,03,305"
SBIN,EQ,26-Jul-2023,609.6,612.0,616.35,609.15,615.15,"99,99,125"
SBIN,EQ,27-Jul-2023,615.15,616.4,621.25,613.1,616.55,"1,74,44,742"
SBIN,EQ,28-Jul-2023,616.55,616.4,619.9,613.6,616.05,"1,19,30,586"
SBIN,EQ,31-Jul-2023,616.05,616.65,621.0,614.5,620.2,"86,05,483"
SBIN,EQ,01-Aug-2023,620.2,620.2,620.85,610.6,611.85,"1,34,93,453"
SBIN,EQ,02-Aug-2023,611.85,609.85,610.5,594.1,598.45,"1,49,77,497"
SBIN,EQ,03-Aug-2023,598.45,598.7,600.85,585.0,590.5,"2,77,74,877"
SBIN,EQ,04-Aug-2023,590.5,594.8,598.7,571.4,573.3,"5,27,25,616"
SBIN,EQ,07-Aug-2023,573.3,577.0,577.0,566.65,567.9,"3,27,36,325"
SBIN,EQ,08-Aug-2023,567.9,571.0,574.25,568.45,573.1,"2,50,38,671"
SBIN,EQ,09-Aug-2023,573.1,575.0,575.0,568.35,573.75,"1,57,69,111"
SBIN,EQ,10-Aug-2023,573.75,573.75,577.6,570.1,573.65,"2,73,25,801"
SBIN,EQ,11-Aug-2023,573.65,575.45,579.0,572.0,574.15,"1,82,21,179"
SBIN,EQ,14-Aug-2023,574.15,572.95,573.0,558.6,560.8,"2,80,84,093"
SBIN,EQ,16-Aug-2023,560.8,558.8,566.4,554.0,565.35,"1,57,25,767"
SBIN,EQ,17-Aug-2023,565.35,565.75,573.15,564.0,572.15,"2,79,10,162"
SBIN,EQ,18-Aug-2023,572.15,570.0,575.25,567.4,572.95,"1,82,53,227"
SBIN,EQ,21-Aug-2023,572.95,572.95,575.55,570.75,571.7,"93,80,810"
SBIN,EQ,22-Aug-2023,571.7,572.5,574.45,567.5,568.5,"1,40,73,413"
SBIN,EQ,23-Aug-2023,568.5,571.0,577.95,566.0,576.9,"1,85,79,297"
SBIN,EQ,24-Aug-2023,576.9,578.15,582.0,575.55,576.95,"2,41,31,644"
SBIN,EQ,25-Aug-2023,576.95,573.8,575.3,567.2,569.95,"1,22,71,885"
SBIN,EQ,28-Aug-2023,569.95,572.8,574.8,569.2,572.85,"97,11,932"
SBIN,EQ,29-Aug-2023,572.85,573.65,576.3,571.85,574.85,"1,31,44,855"
SBIN,EQ,30-Aug-2023,574.85,576.7,577.7,566.1,567.4,"1,52,81,416"
SBIN,EQ,31-Aug-2023,567.4,569.3,570.3,559.4,561.35,"2,78,98,476"
SBIN,EQ,01-Sep-2023,561.35,562.7,571.2,562.1,569.55,"1,81,21,168"
SBIN,EQ,04-Sep-2023,569.55,572.0,576.35,568.45,575.55,"1,21,08,655"
SBIN,EQ,05-Sep-2023,575.55,575.6,578.25,571.35,573.0,"1,44,44,729"
SBIN,EQ,06-Sep-2023,573.0,574.25,574.25,568.0,570.5,"2,06,09,936"
SBIN,EQ,07-Sep-2023,570.5,568.0,581.0,568.0,579.05,"1,23,90,597"
SBIN,EQ,08-Sep-2023,579.05,581.0,588.5,579.7,583.45,"1,40,32,068"
SBIN,EQ,11-Sep-2023,583.45,587.0,592.3,585.35,591.7,"1,09,46,134"
SBIN,EQ,12-Sep-2023,591.7,593.65,594.25,584.65,588.35,"1,60,93,060"
SBIN,EQ,13-Sep-2023,588.35,588.4,598.0,583.45,596.45,"1,93,77,172"
SBIN,EQ,14-Sep-2023,596.45,598.45,603.7,595.2,597.3,"1,31,78,911"
SBIN,EQ,15-Sep-2023,597.3,599.35,600.7,595.2,598.8,"1,17,56,389"
SBIN,EQ,18-Sep-2023,598.8,598.8,608.4,597.05,603.95,"1,93,05,055"
SBIN,EQ,20-Sep-2023,603.95,600.85,606.8,599.4,601.1,"2,13,14,600"
SBIN,EQ,21-Sep-2023,601.1,600.0,606.6,584.65,588.15,"2,34,53,425"
SBIN,EQ,22-Sep-2023,588.15,593.5,602.0,591.4,598.15,"1,87,84,139"
SBIN,EQ,25-Sep-2023,598.15,601.5,601.5,590.45,594.05,"97,12,784"
SBIN,EQ,26-Sep-2023,594.05,594.0,595.0,591.25,594.4,"83,27,427"
SBIN,EQ,27-Sep-2023,594.4,593.45,594.3,588.2,589.75,"98,65,347"
SBIN,EQ,28-Sep-2023,589.75,591.25,595.2,588.85,589.95,"2,19,60,816"
SBIN,EQ,29-Sep-2023,589.95,592.85,600.0,591.3,598.55,"1,21,89,735"
SBIN,EQ,03-Oct-2023,598.55,596.6,604.9,589.6,602.95,"1,53,22,196"
SBIN,EQ,04-Oct-2023,602.95,600.0,600.45,584.45,586.25,"2,49,14,612"
SBIN,EQ,05-Oct-2023,586.25,590.0,594.35,587.1,592.15,"1,32,48,028"
SBIN,EQ,06-Oct-2023,592.15,593.4,598.95,592.2,594.25,"82,16,780"
SBIN,EQ,09-Oct-2023,594.25,588.0,589.0,581.55,585.1,"91,89,597"
SBIN,EQ,10-Oct-2023,585.1,587.0,595.0,585.75,591.65,"1,03,73,508"
SBIN,EQ,11-Oct-2023,591.65,596.9,597.0,587.6,588.35,"1,42,20,119"
SBIN,EQ,12-Oct-2023,588.35,590.8,593.0,585.0,586.05,"1,19,83,797"
SBIN,EQ,13-Oct-2023,586.05,577.75,581.3,574.8,576.15,"1,90,64,577"
SBIN,EQ,16-Oct-2023,576.15,576.0,578.75,571.5,575.65,"1,12,90,293"
SBIN,EQ,17-Oct-2023,575.65,577.7,579.95,575.3,576.45,"1,07,65,224"
SBIN,EQ,18-Oct-2023,576.45,577.75,579.25,569.35,572.65,"1,17,77,454"
SBIN,EQ,19-Oct-2023,572.65,569.8,574.0,567.0,571.2,"1,14,41,499"
SBIN,EQ,20-Oct-2023,571.2,569.9,570.0,562.1,563.1,"1,11,10,988"
SBIN,EQ,23-Oct-2023,563.1,563.1,566.0,551.0,552.95,"1,18,75,035"
SBIN,EQ,25-Oct-2023,552.95,558.6,560.8,553.6,556.2,"1,21,34,624"
SBIN,EQ,26-Oct-2023,556.2,551.45,552.9,543.2,547.0,"1,94,24,825"
SBIN,EQ,27-Oct-2023,547.0,550.0,562.5,550.0,561.15,"1,04,15,296"
SBIN,EQ,30-Oct-2023,561.15,563.0,566.7,556.5,565.2,"85,93,704"
SBIN,EQ,31-Oct-2023,565.2,567.0,569.5,563.15,565.55,"1,30,39,696"
SBIN,EQ,01-Nov-2023,565.55,566.25,569.65,563.85,566.4,"1,35,75,575"
SBIN,EQ,02-Nov-2023,566.4,571.1,575.45,567.6,572.1,"1,11,48,516"
SBIN,EQ,03-Nov-2023,572.1,576.0,579.5,573.45,578.15,"1,13,71,371"
SBIN,EQ,06-Nov-2023,578.15,582.0,582.5,573.25,574.35,"1,64,99,138"
SBIN,EQ,07-Nov-2023,574.35,574.8,581.2,572.6,579.75,"1,79,23,281"
SBIN,EQ,08-Nov-2023,579.75,581.9,582.6,579.0,580.3,"1,54,34,808"
SBIN,EQ,09-Nov-2023,580.3,581.0,581.85,576.5,578.35,"1,24,34,363"
SBIN,EQ,10-Nov-2023,578.35,577.8,581.0,575.4,579.5,"67,73,038"
SBIN,EQ,12-Nov-2023,579.5,584.75,584.75,580.1,581.3,"19,47,722"
SBIN,EQ,13-Nov-2023,581.3,581.0,582.5,575.2,581.35,"1,12,82,362"
SBIN,EQ,15-Nov-2023,581.35,587.25,588.0,582.6,584.7,"1,13,97,676"
SBIN,EQ,16-Nov-2023,584.7,584.7,588.0,582.9,584.65,"86,22,660"
SBIN,EQ,17-Nov-2023,584.65,574.5,574.5,562.1,563.05,"3,71,73,221"
SBIN,EQ,20-Nov-2023,563.05,564.0,566.8,560.6,563.75,"1,27,14,585"
SBIN,EQ,21-Nov-2023,563.75,566.0,566.65,561.0,561.5,"1,42,80,013"
SBIN,EQ,22-Nov-2023,561.5,562.95,564.5,555.15,558.95,"1,49,09,071"
SBIN,EQ,23-Nov-2023,558.95,561.75,563.5,558.3,559.95,"63,76,210"
SBIN,EQ,24-Nov-2023,559.95,561.95,562.45,559.25,560.35,"65,29,851"
SBIN,EQ,28-Nov-2023,560.35,563.6,565.2,561.1,564.45,"81,53,314"
SBIN,EQ,29-Nov-2023,564.45,568.0,569.0,565.1,568.6,"1,02,99,034"
SBIN,EQ,30-Nov-2023,568.6,569.75,570.2,563.65,564.75,"1,97,58,998"
SBIN,EQ,01-Dec-2023,564.75,567.0,574.2,566.55,571.75,"1,06,14,230"
SBIN,EQ,04-Dec-2023,571.75,588.0,596.0,584.55,594.7,"2,60,77,882"
SBIN,EQ,05-Dec-2023,594.7,595.05,611.3,595.05,608.25,"3,64,30,152"
SBIN,EQ,06-Dec-2023,608.25,614.0,614.0,604.55,608.45,"2,14,39,069"
SBIN,EQ,07-Dec-2023,608.45,610.0,612.55,605.0,611.7,"1,07,25,706"
SBIN,EQ,08-Dec-2023,611.7,610.0,616.8,605.35,614.15,"1,77,22,136"
SBIN,EQ,11-Dec-2023,614.15,615.0,619.9,613.1,614.25,"1,17,06,255"
SBIN,EQ,12-Dec-2023,614.25,617.0,617.95,610.8,612.4,"1,44,94,836"
SBIN,EQ,13-Dec-2023,612.4,614.45,620.5,611.65,619.85,"1,39,77,914"
SBIN,EQ,14-Dec-2023,619.85,626.0,627.75,622.4,623.65,"1,58,13,797"
SBIN,EQ,15-Dec-2023,623.65,628.0,650.0,619.85,648.25,"2,98,13,572"
SBIN,EQ,18-Dec-2023,648.25,646.65,655.65,642.4,648.5,"1,62,21,796"
SBIN,EQ,19-Dec-2023,648.5,648.5,659.6,640.25,655.4,"1,99,64,008"
SBIN,EQ,20-Dec-2023,655.4,658.7,660.4,633.95,636.45,"2,25,42,056"
SBIN,EQ,21-Dec-2023,636.45,632.15,648.95,627.5,643.75,"1,99,15,516"
SBIN,EQ,22-Dec-2023,643.75,644.75,649.4,635.15,636.75,"1,49,98,068"
SBIN,EQ,26-Dec-2023,636.75,638.85,641.3,635.65,638.05,"1,01,53,089"
SBIN,EQ,27-Dec-2023,638.05,640.75,649.45,639.0,648.55,"1,44,17,646"
SBIN,EQ,28-Dec-2023,648.55,650.25,653.3,646.5,651.4,"1,69,82,092"
SBIN,EQ,29-Dec-2023,651.4,645.5,649.6,639.55,642.05,"1,32,21,898"
SBIN,EQ,01-Jan-2024,642.05,642.2,646.9,638.0,641.35,"82,95,548"
SBIN,EQ,02-Jan-2024,641.35,641.35,648.0,633.85,639.45,"1,51,64,482"
SBIN,EQ,03-Jan-2024,639.45,639.35,648.0,635.8,643.45,"1,45,71,772"
SBIN,EQ,04-Jan-2024,643.45,642.5,646.4,638.65,642.75,"1,38,83,388"
SBIN,EQ,05-Jan-2024,642.75,645.0,651.75,637.75,641.95,"1,59,84,585"
SBIN,EQ,08-Jan-2024,641.95,640.0,645.0,625.05,627.0,"1,47,39,531"
SBIN,EQ,09-Jan-2024,627.0,632.0,634.35,624.5,625.4,"1,34,00,235"
SBIN,EQ,10-Jan-2024,625.4,624.8,625.3,618.2,621.75,"1,27,42,464"
SBIN,EQ,11-Jan-2024,621.75,626.0,627.15,618.5,620.2,"1,55,33,860"
SBIN,EQ,12-Jan-2024,620.2,623.8,636.5,621.1,633.6,"1,66,20,797"
SBIN,EQ,15-Jan-2024,633.6,638.9,645.5,636.1,640.1,"1,68,44,018"
SBIN,EQ,16-Jan-2024,640.1,640.0,644.9,633.45,636.9,"1,50,25,543"
SBIN,EQ,17-Jan-2024,636.9,624.0,636.8,623.0,626.0,"3,00,16,308"
SBIN,EQ,18-Jan-2024,626.0,625.8,633.45,619.05,628.3,"1,46,95,436"
SBIN,EQ,19-Jan-2024,628.3,633.0,635.5,624.7,627.75,"1,16,75,202"
SBIN,EQ,20-Jan-2024,627.75,629.0,633.8,624.1,631.4,"98,86,760"
SBIN,EQ,23-Jan-2024,631.4,627.0,634.9,600.65,605.1,"3,09,54,343"
SBIN,EQ,24-Jan-2024,605.1,609.95,622.35,603.1,618.3,"1,92,21,835"
SBIN,EQ,25-Jan-2024,618.3,618.5,623.8,606.25,612.75,"2,26,84,904"
SBIN,EQ,29-Jan-2024,612.75,619.0,629.5,615.6,622.95,"1,95,72,140"
SBIN,EQ,30-Jan-2024,622.95,625.45,633.5,624.2,626.75,"1,69,66,577"
SBIN,EQ,31-Jan-2024,626.75,626.4,643.2,622.0,640.5,"2,32,70,745"
SBIN,EQ,01-Feb-2024,640.5,642.75,652.95,633.25,647.65,"2,65,87,707"
SBIN,EQ,02-Feb-2024,647.65,652.0,660.55,646.7,649.65,"2,74,71,811"
SBIN,EQ,05-Feb-2024,649.65,647.1,654.8,638.75,642.95,"2,83,39,525"
SBIN,EQ,06-Feb-2024,642.95,644.45,655.0,637.7,650.25,"1,40,79,390"
SBIN,EQ,07-Feb-2024,650.25,655.05,677.95,655.0,675.25,"4,16,96,232"
SBIN,EQ,08-Feb-2024,675.25,680.4,718.9,678.5,699.55,"7,42,22,434"
SBIN,EQ,09-Feb-2024,699.55,703.65,728.35,694.2,725.25,"4,32,35,061"
SBIN,EQ,12-Feb-2024,725.25,726.0,726.0,704.5,707.9,"2,28,73,137"
SBIN,EQ,13-Feb-2024,707.9,708.55,718.0,702.15,713.45,"2,33,51,472"
SBIN,EQ,14-Feb-2024,713.45,705.55,748.5,705.55,743.4,"3,67,82,182"
SBIN,EQ,15-Feb-2024,743.4,747.7,764.0,741.65,761.7,"3,39,41,282"
SBIN,EQ,16-Feb-2024,761.7,763.45,774.6,753.35,754.7,"2,73,65,121"
SBIN,EQ,19-Feb-2024,754.7,758.7,765.0,750.0,759.25,"1,39,79,584"
SBIN,EQ,20-Feb-2024,759.25,759.05,763.5,754.0,760.1,"1,25,28,399"
SBIN,EQ,21-Feb-2024,760.1,760.65,777.5,759.6,771.5,"2,14,65,311"
SBIN,EQ,22-Feb-2024,771.5,773.0,773.0,757.0,765.9,"1,87,99,244"
SBIN,EQ,23-Feb-2024,765.9,765.9,770.5,755.0,759.05,"1,41,43,636"
SBIN,EQ,26-Feb-2024,759.05,755.0,766.35,752.7,758.9,"1,13,55,186"
SBIN,EQ,27-Feb-2024,758.9,758.9,762.35,742.2,749.85,"1,39,69,393"
SBIN,EQ,28-Feb-2024,749.85,749.85,756.75,741.0,742.5,"1,12,63,318"
SBIN,EQ,29-Feb-2024,742.5,743.9,753.9,737.15,748.1,"1,92,17,113"
SBIN,EQ,01-Mar-2024,748.1,752.0,772.0,751.95,769.15,"1,73,48,526"
SBIN,EQ,02-Mar-2024,769.15,771.95,777.0,768.9,773.3,"11,58,960"
SBIN,EQ,04-Mar-2024,773.3,774.4,777.0,769.0,772.05,"97,89,141"
SBIN,EQ,05-Mar-2024,772.05,769.5,786.95,769.1,783.95,"1,80,88,847"
SBIN,EQ,06-Mar-2024,783.95,783.65,790.3,772.9,783.9,"2,67,10,525"
SBIN,EQ,07-Mar-2024,783.9,790.0,793.4,783.0,788.05,"1,54,97,868"
SBIN,EQ,11-Mar-2024,788.05,790.0,792.8,770.55,773.7,"1,67,78,340"
SBIN,EQ,12-Mar-2024,773.7,770.0,777.75,757.35,759.7,"2,15,29,705"
SBIN,EQ,13-Mar-2024,759.7,758.65,763.7,743.0,747.25,"2,79,50,252"
SBIN,EQ,14-Mar-2024,747.25,749.9,750.8,734.05,741.05,"1,97,30,882"
SBIN,EQ,15-Mar-2024,741.05,739.25,746.55,723.0,731.9,"2,97,92,241"
SBIN,EQ,18-Mar-2024,731.9,727.1,737.9,722.1,730.95,"1,81,45,126"
SBIN,EQ,19-Mar-2024,730.95,730.0,734.35,721.15,723.8,"1,52,05,043"
SBIN,EQ,20-Mar-2024,723.8,725.15,738.95,719.8,736.25,"2,54,05,455"
SBIN,EQ,21-Mar-2024,736.25,742.0,750.6,740.55,744.3,"1,51,61,161"
SBIN,EQ,22-Mar-2024,744.3,743.85,748.8,741.4,746.7,"1,55,35,921"
SBIN,EQ,26-Mar-2024,746.7,743.05,747.85,738.5,740.05,"1,46,78,342"
SBIN,EQ,27-Mar-2024,740.05,743.0,745.85,730.2,733.3,"3,00,88,789"
SBIN,EQ,28-Mar-2024,733.3,737.75,759.55,736.9,752.35,"2,17,05,116"
SBIN,EQ,01-Apr-2024,752.35,759.05,761.5,752.1,758.3,"99,49,971"
SBIN,EQ,02-Apr-2024,758.3,758.2,768.75,753.35,766.4,"1,57,13,063"
SBIN,EQ,03-Apr-2024,766.4,764.9,772.6,760.15,771.05,"1,91,36,981"
SBIN,EQ,04-Apr-2024,771.05,775.0,775.3,758.1,759.3,"1,58,89,530"
SBIN,EQ,05-Apr-2024,759.3,757.95,767.7,752.6,764.75,"99,39,620"
SBIN,EQ,08-Apr-2024,764.75,766.05,770.0,761.8,768.3,"97,97,174"
SBIN,EQ,09-Apr-2024,768.3,768.45,772.45,761.1,764.2,"74,65,892"
SBIN,EQ,10-Apr-2024,764.2,766.5,780.7,763.65,779.05,"1,45,30,669"
SBIN,EQ,12-Apr-2024,779.05,777.25,779.5,764.8,766.3,"1,44,08,722"
SBIN,EQ,15-Apr-2024,766.3,759.8,763.3,748.75,757.5,"1,13,56,572"
SBIN,EQ,16-Apr-2024,757.5,751.25,754.9,744.4,751.7,"1,33,38,991"
SBIN,EQ,18-Apr-2024,751.7,752.05,759.95,742.0,744.8,"1,45,89,648"
SBIN,EQ,19-Apr-2024,744.8,734.5,752.0,732.05,750.45,"1,08,86,554"
SBIN,EQ,22-Apr-2024,750.45,754.15,769.0,750.45,766.1,"1,74,52,186"
SBIN,EQ,23-Apr-2024,766.1,770.35,777.7,765.55,773.0,"1,22,92,429"
SBIN,EQ,24-Apr-2024,773.0,778.5,778.5,770.2,773.1,"78,42,615"
SBIN,EQ,25-Apr-2024,773.1,770.65,814.4,769.65,812.7,"3,67,32,974"
SBIN,EQ,26-Apr-2024,812.7,815.9,816.9,798.9,801.3,"1,49,64,358"
SBIN,EQ,29-Apr-2024,801.3,807.0,831.25,798.7,826.5,"2,73,02,732"
SBIN,EQ,30-Apr-2024,826.5,826.5,834.85,819.9,826.25,"2,74,49,073"
SBIN,EQ,02-May-2024,826.25,826.9,833.9,825.0,830.05,"1,99,43,724"
SBIN,EQ,03-May-2024,830.05,834.8,836.2,820.0,831.45,"2,26,67,634"
SBIN,EQ,06-May-2024,831.45,835.0,836.0,803.0,807.8,"3,52,83,557"
SBIN,EQ,07-May-2024,807.8,812.0,814.65,793.2,801.9,"1,67,25,013"
SBIN,EQ,08-May-2024,801.9,802.6,822.0,799.5,810.8,"2,79,08,322"
SBIN,EQ,09-May-2024,810.8,811.9,839.65,803.55,819.8,"4,92,90,254"
SBIN,EQ,10-May-2024,819.8,827.0,832.05,815.6,817.35,"2,05,43,142"
SBIN,EQ,13-May-2024,817.35,819.85,819.85,798.6,808.8,"1,53,98,505"
SBIN,EQ,14-May-2024,808.8,813.0,822.4,807.9,818.2,"1,09,12,462"
SBIN,EQ,15-May-2024,818.2,821.0,825.3,818.05,820.3,"97,55,062"
SBIN,EQ,16-May-2024,820.3,825.3,826.15,797.35,811.95,"2,05,36,990"
SBIN,EQ,17-May-2024,811.95,814.5,822.45,811.2,817.85,"1,24,92,509"
SBIN,EQ,18-May-2024,817.85,822.0,823.0,819.2,821.0,"9,60,453"
SBIN,EQ,21-May-2024,821.0,821.0,836.3,819.6,830.65,"1,40,37,801"
SBIN,EQ,22-May-2024,830.65,826.55,826.65,813.55,818.75,"1,92,39,277"
SBIN,EQ,23-May-2024,818.75,824.7,835.5,822.0,832.1,"1,74,97,488"
SBIN,EQ,24-May-2024,832.1,830.0,841.25,827.0,828.6,"1,22,52,075"
SBIN,EQ,27-May-2024,828.6,832.6,839.4,823.0,833.7,"1,22,95,193"
SBIN,EQ,28-May-2024,833.7,835.7,840.7,823.3,831.15,"1,38,18,893"
SBIN,EQ,29-May-2024,831.15,828.4,834.45,819.3,822.65,"1,45,18,232"
SBIN,EQ,30-May-2024,822.65,821.4,836.0,819.3,825.85,"1,78,18,705"
SBIN,EQ,31-May-2024,825.85,830.7,835.0,817.1,830.35,"2,22,67,336"
SBIN,EQ,03-Jun-2024,830.35,863.55,912.0,856.75,905.65,"6,42,69,020"
SBIN,EQ,04-Jun-2024,905.65,897.0,897.0,731.95,775.2,"12,23,81,193"
SBIN,EQ,05-Jun-2024,775.2,790.75,795.0,744.05,789.75,"7,42,56,082"
SBIN,EQ,06-Jun-2024,789.75,800.0,833.35,796.0,816.95,"4,05,55,649"
SBIN,EQ,07-Jun-2024,816.95,819.9,831.5,810.5,829.95,"2,50,61,284"
SBIN,EQ,10-Jun-2024,829.95,834.15,845.45,829.2,831.8,"1,67,25,508"
SBIN,EQ,11-Jun-2024,831.8,836.0,839.6,829.05,835.55,"1,47,54,408"
SBIN,EQ,12-Jun-2024,835.55,837.0,845.55,833.0,839.1,"1,50,71,442"
SBIN,EQ,13-Jun-2024,839.1,845.0,845.9,836.1,843.9,"1,25,23,972"
SBIN,EQ,14-Jun-2024,843.9,845.0,849.9,835.1,839.2,"1,29,03,496"
SBIN,EQ,18-Jun-2024,839.2,841.55,851.5,840.25,844.9,"1,49,29,083"
SBIN,EQ,19-Jun-2024,844.9,846.8,860.6,841.0,852.6,"3,29,25,140"
SBIN,EQ,20-Jun-2024,852.6,853.0,853.1,842.35,843.75,"1,39,85,352"
SBIN,EQ,21-Jun-2024,843.75,844.9,848.05,828.6,836.3,"1,89,90,090"
SBIN,EQ,24-Jun-2024,836.3,831.5,836.0,821.05,832.7,"1,27,15,254"
SBIN,EQ,25-Jun-2024,832.7,837.0,845.85,834.3,842.25,"2,09,17,530"
SBIN,EQ,26-Jun-2024,842.25,839.85,848.8,836.0,845.35,"1,62,81,760"
SBIN,EQ,27-Jun-2024,845.35,843.9,847.4,838.25,844.0,"2,03,78,887"
SBIN,EQ,28-Jun-2024,844.0,846.9,864.0,844.0,848.95,"2,36,36,388"
SBIN,EQ,01-Jul-2024,848.95,849.35,850.5,839.95,841.95,"1,09,67,797"
SBIN,EQ,02-Jul-2024,841.95,844.0,846.3,823.15,826.15,"2,11,42,840"
SBIN,EQ,03-Jul-2024,826.15,829.0,843.85,825.0,839.95,"2,35,98,009"
SBIN,EQ,04-Jul-2024,839.95,843.0,844.9,834.3,839.3,"1,33,72,587"
SBIN,EQ,05-Jul-2024,839.3,838.0,861.25,837.0,859.75,"2,48,73,722"
SBIN,EQ,08-Jul-2024,859.75,859.75,865.0,853.5,856.25,"1,03,59,800"
SBIN,EQ,09-Jul-2024,856.25,859.9,869.95,856.0,861.3,"1,35,85,081"
SBIN,EQ,10-Jul-2024,861.3,860.1,860.25,843.5,849.0,"1,73,43,236"
SBIN,EQ,11-Jul-2024,849.0,854.4,858.3,849.75,856.7,"85,01,366"
SBIN,EQ,12-Jul-2024,856.7,856.7,863.0,855.3,859.7,"1,14,46,064"
SBIN,EQ,15-Jul-2024,859.7,859.7,887.35,859.7,881.35,"2,53,92,820"
SBIN,EQ,16-Jul-2024,881.35,882.3,888.1,874.3,880.7,"1,18,93,692"
SBIN,EQ,18-Jul-2024,880.7,880.65,894.9,877.5,893.55,"1,94,35,183"
SBIN,EQ,19-Jul-2024,893.55,895.0,899.0,883.3,889.35,"1,45,62,742"
SBIN,EQ,22-Jul-2024,889.35,881.45,895.0,868.0,876.8,"1,46,14,111"
SBIN,EQ,23-Jul-2024,876.8,883.0,884.5,849.1,863.9,"1,82,79,212"
SBIN,EQ,24-Jul-2024,863.9,864.2,868.0,847.2,852.0,"1,96,24,845"
SBIN,EQ,25-Jul-2024,852.0,847.5,850.75,841.2,848.5,"95,22,375"
SBIN,EQ,26-Jul-2024,848.5,844.65,864.25,844.0,862.45,"1,20,81,506"
SBIN,EQ,29-Jul-2024,862.45,866.05,889.1,863.2,871.6,"2,65,82,781"
SBIN,EQ,30-Jul-2024,871.6,874.7,880.55,869.0,872.8,"1,35,28,447"
SBIN,EQ,31-Jul-2024,872.8,873.85,874.95,868.0,872.4,"1,16,36,874"
SBIN,EQ,01-Aug-2024,872.4,877.8,881.4,859.45,862.65,"1,17,87,203"
SBIN,EQ,02-Aug-2024,862.65,856.7,858.3,846.15,847.85,"1,26,09,331"
SBIN,EQ,05-Aug-2024,847.85,830.0,831.35,800.0,811.65,"2,76,76,951"
SBIN,EQ,06-Aug-2024,811.65,822.65,826.55,795.65,797.7,"1,79,00,930"
SBIN,EQ,07-Aug-2024,797.7,809.0,810.7,800.55,808.65,"1,76,92,355"
SBIN,EQ,08-Aug-2024,808.65,812.0,817.8,802.8,808.05,"1,47,69,069"
SBIN,EQ,09-Aug-2024,808.05,816.0,829.95,809.55,824.3,"1,53,20,885"
SBIN,EQ,12-Aug-2024,824.3,820.6,823.0,811.2,812.6,"1,61,20,449"
SBIN,EQ,13-Aug-2024,812.6,813.5,820.0,795.05,797.55,"1,75,85,172"
SBIN,EQ,14-Aug-2024,797.55,800.95,809.15,800.4,803.0,"1,17,88,665"
SBIN,EQ,16-Aug-2024,803.0,803.0,814.9,803.0,812.1,"1,14,27,335"
SBIN,EQ,19-Aug-2024,812.1,815.0,825.4,812.6,813.7,"1,01,51,482"
SBIN,EQ,20-Aug-2024,813.7,817.95,823.0,813.35,820.3,"1,03,47,493"
SBIN,EQ,21-Aug-2024,820.3,820.3,821.0,811.2,815.55,"1,46,07,257"
SBIN,EQ,22-Aug-2024,815.55,819.0,823.9,817.1,820.3,"78,32,917"
SBIN,EQ,23-Aug-2024,820.3,821.5,822.0,814.5,815.35,"55,37,747"
SBIN,EQ,26-Aug-2024,815.35,818.0,823.45,813.8,815.05,"85,23,795"
SBIN,EQ,27-Aug-2024,815.05,817.8,819.45,811.05,815.9,"1,28,33,290"
SBIN,EQ,28-Aug-2024,815.9,814.75,817.2,806.5,809.4,"1,03,71,300"
SBIN,EQ,29-Aug-2024,809.4,809.55,816.0,806.95,814.5,"1,82,47,268"
SBIN,EQ,30-Aug-2024,814.5,817.15,820.7,814.35,815.6,"89,11,426"
SBIN,EQ,02-Sep-2024,815.6,817.3,825.4,813.05,822.15,"1,18,13,750"
SBIN,EQ,03-Sep-2024,822.15,822.15,825.95,816.4,824.8,"1,05,48,350"
SBIN,EQ,04-Sep-2024,824.8,815.45,818.65,813.65,816.5,"1,07,89,570"
SBIN,EQ,05-Sep-2024,816.5,818.35,822.15,814.4,818.75,"83,95,074"
SBIN,EQ,06-Sep-2024,818.75,811.5,812.9,777.0,782.5,"4,02,20,096"
SBIN,EQ,09-Sep-2024,782.5,785.0,788.2,771.0,784.25,"2,13,22,103"
SBIN,EQ,10-Sep-2024,784.25,788.0,788.8,777.5,782.65,"1,28,24,701"
SBIN,EQ,11-Sep-2024,782.65,780.05,788.0,765.4,768.6,"2,00,60,665"
SBIN,EQ,12-Sep-2024,768.6,775.0,789.9,772.75,787.75,"1,75,78,964"
SBIN,EQ,13-Sep-2024,787.75,791.0,795.0,785.1,790.85,"1,29,50,936"
SBIN,EQ,16-Sep-2024,790.85,790.85,795.0,784.4,785.55,"95,53,736"
SBIN,EQ,17-Sep-2024,785.55,785.6,787.5,780.55,782.9,"1,06,65,630"
SBIN,EQ,18-Sep-2024,782.9,783.8,794.75,782.0,792.75,"1,83,24,412"
SBIN,EQ,19-Sep-2024,792.75,795.05,801.35,784.05,789.95,"1,06,45,478"
SBIN,EQ,20-Sep-2024,789.95,794.85,794.85,779.5,781.7,"2,13,72,244"
SBIN,EQ,23-Sep-2024,781.7,786.0,805.0,784.5,801.85,"1,73,09,545"
SBIN,EQ,24-Sep-2024,801.85,799.25,804.25,796.5,798.25,"1,51,80,653"
SBIN,EQ,25-Sep-2024,798.25,797.9,798.0,788.7,793.1,"1,84,65,571"
SBIN,EQ,26-Sep-2024,793.1,796.0,803.0,791.6,801.85,"2,31,98,842"
SBIN,EQ,27-Sep-2024,801.85,801.85,808.0,798.45,802.65,"1,51,93,681"
SBIN,EQ,30-Sep-2024,802.65,801.9,802.6,786.45,787.9,"1,54,84,573"
SBIN,EQ,01-Oct-2024,787.9,788.0,800.35,788.0,796.95,"1,32,80,535"
SBIN,EQ,03-Oct-2024,796.95,789.9,804.0,784.3,794.1,"1,59,44,135"
SBIN,EQ,04-Oct-2024,794.1,792.0,809.85,785.25,796.65,"2,00,97,454"
SBIN,EQ,07-Oct-2024,796.65,800.0,804.0,765.4,770.65,"2,42,67,990"
SBIN,EQ,08-Oct-2024,770.65,772.25,784.4,772.25,781.45,"85,60,960"
SBIN,EQ,09-Oct-2024,781.45,786.7,804.35,782.05,797.4,"1,87,58,697"
SBIN,EQ,10-Oct-2024,797.4,799.0,804.45,795.0,797.1,"1,02,41,015"
SBIN,EQ,11-Oct-2024,797.1,797.2,802.7,793.0,799.75,"1,43,22,720"
SBIN,EQ,14-Oct-2024,799.75,802.0,809.25,800.8,805.15,"89,67,564"
SBIN,EQ,15-Oct-2024,805.15,805.5,807.5,801.6,804.65,"62,52,104"
SBIN,EQ,16-Oct-2024,804.65,802.8,809.0,802.05,805.45,"64,94,240"
SBIN,EQ,17-Oct-2024,805.45,809.5,819.5,806.0,811.05,"1,85,80,553"
SBIN,EQ,18-Oct-2024,811.05,811.1,822.6,802.9,820.4,"1,17,04,698"
SBIN,EQ,21-Oct-2024,820.4,824.7,826.45,809.0,813.95,"1,03,59,618"
SBIN,EQ,22-Oct-2024,813.95,814.0,816.85,787.5,790.4,"1,66,45,356"
SBIN,EQ,23-Oct-2024,790.4,790.0,792.6,779.8,786.0,"1,38,66,198"
SBIN,EQ,24-Oct-2024,786.0,786.05,797.0,784.65,794.55,"56,07,500"
SBIN,EQ,25-Oct-2024,794.55,798.0,800.75,772.0,780.95,"97,17,125"
SBIN,EQ,28-Oct-2024,780.95,783.8,803.95,783.55,792.05,"1,37,57,251"
SBIN,EQ,29-Oct-2024,792.05,796.0,834.85,790.5,832.7,"2,82,74,791"
SBIN,EQ,30-Oct-2024,832.7,828.0,833.0,821.05,822.45,"1,59,77,682"
SBIN,EQ,31-Oct-2024,822.45,820.0,828.0,813.55,820.2,"1,34,02,324"
SBIN,EQ,01-Nov-2024,820.2,822.4,825.6,818.9,821.2,"16,37,141"
SBIN,EQ,04-Nov-2024,821.2,822.7,837.5,807.1,829.85,"1,44,98,161"
SBIN,EQ,05-Nov-2024,829.85,829.85,851.4,826.25,849.2,"2,62,54,561"
SBIN,EQ,06-Nov-2024,849.2,849.2,861.4,846.2,854.8,"1,50,02,433"
SBIN,EQ,07-Nov-2024,854.8,861.0,862.4,846.7,859.6,"1,52,83,847"
SBIN,EQ,08-Nov-2024,859.6,859.6,863.5,834.2,843.15,"2,61,39,105"
SBIN,EQ,11-Nov-2024,843.15,846.0,854.0,842.0,847.65,"1,26,21,337"
SBIN,EQ,12-Nov-2024,847.65,852.5,853.4,824.3,826.7,"1,13,50,729"
SBIN,EQ,13-Nov-2024,826.7,823.35,831.75,804.65,808.65,"1,37,56,706"
SBIN,EQ,14-Nov-2024,808.65,808.65,818.0,801.05,804.25,"94,61,484"
SBIN,EQ,18-Nov-2024,804.25,811.0,816.7,799.25,814.3,"93,22,451"
SBIN,EQ,19-Nov-2024,814.3,819.0,820.3,800.1,803.0,"1,36,77,029"
SBIN,EQ,21-Nov-2024,803.0,798.5,798.5,761.55,780.75,"2,94,86,577"
SBIN,EQ,22-Nov-2024,780.75,786.0,819.95,784.05,816.05,"2,06,65,405"
SBIN,EQ,25-Nov-2024,816.05,827.0,849.6,825.65,844.45,"2,34,34,605"
SBIN,EQ,26-Nov-2024,844.45,844.0,846.7,835.55,839.4,"88,93,744"
SBIN,EQ,27-Nov-2024,839.4,838.5,842.5,832.1,834.1,"83,75,108"
SBIN,EQ,28-Nov-2024,834.1,834.1,845.8,830.5,838.85,"1,35,05,677"
SBIN,EQ,29-Nov-2024,838.85,841.1,844.05,831.55,838.95,"1,08,22,949"
SBIN,EQ,02-Dec-2024,838.95,838.95,842.0,832.7,836.4,"66,51,119"
SBIN,EQ,03-Dec-2024,836.4,838.0,856.6,836.9,853.95,"1,21,86,182"
SBIN,EQ,04-Dec-2024,853.95,853.95,864.0,850.3,859.7,"1,07,49,716"
SBIN,EQ,05-Dec-2024,859.7,860.0,871.45,855.6,865.45,"1,47,16,036"
SBIN,EQ,06-Dec-2024,865.45,865.25,875.45,857.0,863.65,"1,45,20,568"
SBIN,EQ,09-Dec-2024,863.65,859.0,866.85,856.95,858.05,"96,30,346"
SBIN,EQ,10-Dec-2024,858.05,861.8,868.95,858.05,867.5,"73,79,849"
SBIN,EQ,11-Dec-2024,867.5,867.5,869.85,860.95,861.6,"70,06,973"
SBIN,EQ,12-Dec-2024,861.6,861.5,864.3,851.15,853.7,"88,45,103"
SBIN,EQ,13-Dec-2024,853.7,852.6,862.9,835.0,861.55,"93,79,370"
SBIN,EQ,16-Dec-2024,861.55,859.8,866.4,857.8,860.95,"64,32,713"
SBIN,EQ,17-Dec-2024,860.95,858.55,862.6,847.05,850.55,"87,91,216"
SBIN,EQ,18-Dec-2024,850.55,851.0,852.0,837.0,838.15,"82,95,338"
SBIN,EQ,19-Dec-2024,838.15,824.6,838.0,820.2,832.8,"94,53,398"
SBIN,EQ,20-Dec-2024,832.8,834.9,836.0,810.0,812.0,"1,02,44,198"
SBIN,EQ,23-Dec-2024,812.0,817.3,824.0,812.2,821.15,"49,33,200"
SBIN,EQ,24-Dec-2024,821.15,824.25,826.2,809.2,812.05,"1,06,02,771"
SBIN,EQ,26-Dec-2024,812.05,813.0,822.85,808.0,812.45,"83,18,714"
SBIN,EQ,27-Dec-2024,812.45,816.3,818.3,797.2,799.65,"1,06,49,800"
SBIN,EQ,30-Dec-2024,799.65,802.0,807.95,785.0,788.3,"2,15,15,438"
SBIN,EQ,31-Dec-2024,788.3,786.95,799.2,786.0,794.95,"90,86,044"
SBIN,EQ,01-Jan-2025,794.95,795.55,798.65,789.5,793.2,"72,73,098"
SBIN,EQ,02-Jan-2025,793.2,795.0,802.4,787.0,801.2,"1,13,98,319"
SBIN,EQ,03-Jan-2025,801.2,801.2,809.5,792.15,793.4,"1,33,36,514"
SBIN,EQ,06-Jan-2025,793.4,797.4,797.6,773.15,776.4,"1,14,19,367"
SBIN,EQ,07-Jan-2025,776.4,779.85,783.85,774.85,778.75,"96,69,152"
SBIN,EQ,08-Jan-2025,778.75,780.9,783.95,760.1,771.15,"1,56,41,490"
SBIN,EQ,09-Jan-2025,771.15,771.15,771.35,726.25,760.45,"1,53,51,029"
SBIN,EQ,10-Jan-2025,760.45,760.35,763.4,742.05,743.25,"1,17,79,296"
SBIN,EQ,13-Jan-2025,743.25,741.5,743.95,722.5,729.5,"1,04,14,733"
SBIN,EQ,14-Jan-2025,729.5,732.95,757.0,732.95,748.15,"1,19,60,975"
SBIN,EQ,15-Jan-2025,748.15,753.15,758.9,750.0,753.7,"77,92,299"
SBIN,EQ,16-Jan-2025,753.7,760.4,776.7,760.4,766.3,"1,18,16,079"
SBIN,EQ,17-Jan-2025,766.3,766.3,767.95,759.4,764.1,"57,66,573"
SBIN,EQ,20-Jan-2025,764.1,769.0,785.0,767.85,779.25,"91,98,929"
SBIN,EQ,21-Jan-2025,779.25,784.8,784.9,756.05,759.05,"1,37,51,780"
SBIN,EQ,22-Jan-2025,759.05,762.0,763.0,738.0,753.45,"99,08,339"
SBIN,EQ,23-Jan-2025,753.45,750.0,755.65,743.1,745.9,"1,09,86,405"
SBIN,EQ,24-Jan-2025,745.9,749.9,753.7,739.0,744.15,"1,05,79,213"
SBIN,EQ,27-Jan-2025,744.15,740.0,755.35,735.9,749.2,"1,14,33,353"
SBIN,EQ,28-Jan-2025,749.2,757.0,759.75,745.4,752.4,"1,41,40,860"
SBIN,EQ,29-Jan-2025,752.4,753.0,760.8,749.8,758.45,"92,51,973"
SBIN,EQ,30-Jan-2025,758.45,758.55,765.0,754.75,762.6,"1,10,85,824"
SBIN,EQ,31-Jan-2025,762.6,764.9,777.55,759.5,772.9,"1,00,83,763"
SBIN,EQ,01-Feb-2025,772.9,774.8,778.75,752.15,766.0,"93,63,077"
SBIN,EQ,03-Feb-2025,766.0,762.8,762.8,753.15,760.95,"78,62,190"
SBIN,EQ,04-Feb-2025,760.95,767.0,781.25,765.65,779.2,"1,20,20,807"
SBIN,EQ,05-Feb-2025,779.2,780.0,782.0,765.0,766.05,"1,34,19,162"
SBIN,EQ,06-Feb-2025,766.05,769.0,770.85,750.05,752.25,"3,27,45,391"
SBIN,EQ,07-Feb-2025,752.25,759.8,759.9,731.75,737.2,"3,72,40,692"
SBIN,EQ,10-Feb-2025,737.2,740.0,743.9,733.4,736.8,"1,26,67,049"
SBIN,EQ,11-Feb-2025,736.8,737.45,740.15,726.55,731.1,"1,30,17,060"
SBIN,EQ,12-Feb-2025,731.1,733.15,738.7,717.15,733.15,"1,26,97,743"
SBIN,EQ,13-Feb-2025,733.15,734.4,737.5,726.15,727.65,"1,23,70,571"
SBIN,EQ,14-Feb-2025,727.65,730.95,732.9,716.2,722.15,"1,04,17,539"
SBIN,EQ,17-Feb-2025,722.15,719.05,728.75,711.55,727.7,"90,93,600"
SBIN,EQ,18-Feb-2025,727.7,727.7,728.25,717.35,725.8,"85,62,003"
SBIN,EQ,19-Feb-2025,725.8,722.05,734.85,722.05,727.3,"67,66,606"
SBIN,EQ,20-Feb-2025,727.3,724.9,731.5,723.35,729.7,"74,23,268"
SBIN,EQ,21-Feb-2025,729.7,727.3,731.7,720.0,722.0,"65,71,602"
SBIN,EQ,24-Feb-2025,722.0,710.5,719.75,710.5,716.4,"69,12,148"
SBIN,EQ,25-Feb-2025,716.4,718.95,718.95,710.0,710.9,"85,99,635"
SBIN,EQ,27-Feb-2025,710.9,716.0,717.7,701.1,703.9,"1,20,33,139"
SBIN,EQ,28-Feb-2025,703.9,700.9,701.35,682.6,688.8,"1,57,80,609"
SBIN,EQ,03-Mar-2025,688.8,690.15,697.4,680.0,695.3,"1,05,98,479"
SBIN,EQ,04-Mar-2025,695.3,693.0,718.45,692.1,716.05,"1,43,86,214"
SBIN,EQ,05-Mar-2025,716.05,717.55,731.3,717.0,730.35,"1,04,09,805"
SBIN,EQ,06-Mar-2025,730.35,736.0,736.75,727.0,732.05,"1,09,28,847"
SBIN,EQ,07-Mar-2025,732.05,732.05,734.85,728.0,732.75,"72,46,729"
SBIN,EQ,10-Mar-2025,732.75,732.75,738.5,726.6,728.9,"74,00,109"
SBIN,EQ,11-Mar-2025,728.9,724.9,734.05,722.7,729.85,"55,38,789"
SBIN,EQ,12-Mar-2025,729.85,730.6,737.0,719.05,723.05,"55,47,762"
SBIN,EQ,13-Mar-2025,723.05,725.9,731.45,724.5,727.85,"59,08,337"
SBIN,EQ,17-Mar-2025,727.85,728.9,731.25,722.3,723.15,"51,49,565"
SBIN,EQ,18-Mar-2025,723.15,726.6,738.45,722.6,736.7,"80,87,710"
SBIN,EQ,19-Mar-2025,736.7,739.6,749.3,739.1,745.1,"76,04,850"
SBIN,EQ,20-Mar-2025,745.1,748.0,752.7,744.2,749.55,"69,63,197"
SBIN,EQ,21-Mar-2025,749.55,749.95,755.6,747.0,753.2,"95,77,327"
SBIN,EQ,24-Mar-2025,753.2,758.0,782.95,755.1,780.8,"1,20,95,064"
SBIN,EQ,25-Mar-2025,780.8,783.9,786.0,769.2,772.85,"1,51,90,143"
SBIN,EQ,26-Mar-2025,772.85,772.0,776.05,761.45,764.0,"77,11,852"
SBIN,EQ,27-Mar-2025,764.0,763.8,775.8,760.5,772.3,"1,56,48,616"
SBIN,EQ,28-Mar-2025,772.3,772.1,778.6,767.0,771.5,"76,28,185"
SBIN,EQ,01-Apr-2025,771.5,766.8,782.75,763.2,771.7,"70,11,125"
SBIN,EQ,02-Apr-2025,771.7,772.3,777.0,764.3,775.95,"54,58,436"
SBIN,EQ,03-Apr-2025,775.95,770.0,784.7,769.95,779.2,"79,56,680"
SBIN,EQ,04-Apr-2025,779.2,779.1,782.9,765.0,767.45,"82,31,194"
SBIN,EQ,07-Apr-2025,767.45,730.0,753.7,730.0,746.9,"1,49,23,235"
SBIN,EQ,08-Apr-2025,746.9,760.0,774.0,758.15,768.6,"1,29,11,288"
SBIN,EQ,09-Apr-2025,768.6,767.0,767.95,741.0,742.2,"1,13,19,387"
SBIN,EQ,11-Apr-2025,742.2,759.0,759.7,746.0,753.85,"93,60,327"
SBIN,EQ,15-Apr-2025,753.85,770.0,770.7,757.1,763.5,"78,59,090"
SBIN,EQ,16-Apr-2025,763.5,763.5,774.75,760.5,771.75,"1,25,36,694"
SBIN,EQ,17-Apr-2025,771.75,772.0,801.0,767.15,797.45,"2,70,34,818"
SBIN,EQ,21-Apr-2025,797.45,803.0,824.35,801.4,816.7,"1,63,98,507"
SBIN,EQ,22-Apr-2025,816.7,821.15,835.5,814.0,822.4,"2,51,17,557"
SBIN,EQ,23-Apr-2025,822.4,826.0,831.0,810.1,813.45,"1,21,04,382"
SBIN,EQ,24-Apr-2025,813.45,812.75,819.0,811.15,813.4,"1,27,13,521"
SBIN,EQ,25-Apr-2025,813.4,815.0,819.0,787.0,798.65,"1,31,31,038"
SBIN,EQ,28-Apr-2025,798.65,798.65,822.8,797.4,817.35,"1,13,17,611"
SBIN,EQ,29-Apr-2025,817.35,820.0,829.0,809.0,812.55,"1,12,83,059"
SBIN,EQ,30-Apr-2025,812.55,811.5,811.5,784.5,788.65,"2,56,35,764"
SBIN,EQ,02-May-2025,788.65,790.35,803.4,789.0,800.0,"1,71,99,386"
SBIN,EQ,05-May-2025,800.0,782.0,799.0,782.0,790.0,"2,39,86,447"
SBIN,EQ,06-May-2025,790.0,793.95,799.15,771.1,774.1,"1,88,69,468"
SBIN,EQ,07-May-2025,774.1,765.3,782.4,764.55,776.1,"1,55,86,266"
SBIN,EQ,08-May-2025,776.1,779.0,786.5,764.0,769.0,"1,44,91,673"
SBIN,EQ,09-May-2025,769.0,756.5,781.7,755.5,779.25,"1,35,78,216"
SBIN,EQ,12-May-2025,779.25,799.0,803.9,793.0,801.65,"1,50,96,824"
SBIN,EQ,13-May-2025,801.65,798.6,807.65,797.2,801.75,"1,39,09,596"
SBIN,EQ,14-May-2025,801.75,805.75,807.5,796.3,800.7,"92,81,719"
SBIN,EQ,15-May-2025,800.7,804.45,809.45,794.5,807.75,"1,70,58,854"
SBIN,EQ,16-May-2025,807.75,804.0,804.0,791.0,792.1,"1,47,33,924"
SBIN,EQ,19-May-2025,792.1,792.1,801.4,792.1,795.0,"1,06,66,184"
SBIN,EQ,20-May-2025,795.0,798.15,799.4,783.8,785.65,"1,13,24,667"
SBIN,EQ,21-May-2025,785.65,787.0,791.0,779.1,787.1,"82,06,040"
SBIN,EQ,22-May-2025,787.1,788.0,788.2,780.3,785.25,"73,55,826"
SBIN,EQ,23-May-2025,785.25,787.9,794.95,786.2,790.5,"55,34,158"
SBIN,EQ,26-May-2025,790.5,792.0,797.55,789.2,794.4,"49,65,466"
SBIN,EQ,27-May-2025,794.4,794.4,801.35,790.05,793.7,"1,19,95,043"
SBIN,EQ,28-May-2025,793.7,794.5,798.9,792.65,796.55,"68,73,519"
SBIN,EQ,29-May-2025,796.55,799.0,800.4,791.35,797.35,"1,40,34,127"
SBIN,EQ,30-May-2025,797.35,798.0,814.5,792.6,812.3,"2,20,37,314"
SBIN,EQ,02-Jun-2025,812.3,812.85,822.55,809.2,813.65,"2,68,91,575"
SBIN,EQ,03-Jun-2025,813.65,816.2,818.4,805.15,809.8,"1,42,47,597"
SBIN,EQ,04-Jun-2025,809.8,817.0,817.0,805.25,806.5,"96,07,927"
SBIN,EQ,05-Jun-2025,806.5,808.7,811.7,802.85,806.0,"1,35,95,507"
SBIN,EQ,06-Jun-2025,806.0,806.65,816.45,803.1,813.05,"1,71,63,935"
SBIN,EQ,09-Jun-2025,813.05,817.4,824.5,815.7,820.05,"1,27,93,040"
SBIN,EQ,10-Jun-2025,820.05,821.0,822.05,814.6,817.05,"65,60,513"
SBIN,EQ,11-Jun-2025,817.05,817.0,820.6,813.05,815.05,"71,97,825"
SBIN,EQ,12-Jun-2025,815.05,816.0,816.5,801.2,805.95,"1,34,48,521"
SBIN,EQ,13-Jun-2025,805.95,786.25,796.3,786.25,792.35,"1,13,77,117"
SBIN,EQ,16-Jun-2025,792.35,792.5,795.4,786.15,792.5,"80,85,001"
SBIN,EQ,17-Jun-2025,792.5,794.0,798.85,790.55,792.3,"77,53,156"
SBIN,EQ,18-Jun-2025,792.3,792.5,795.5,788.35,791.9,"57,10,169"
SBIN,EQ,19-Jun-2025,791.9,792.35,793.25,781.7,785.1,"1,18,24,333"
SBIN,EQ,20-Jun-2025,785.1,787.5,799.45,786.1,796.15,"1,13,67,669"
SBIN,EQ,23-Jun-2025,796.15,790.0,794.95,788.5,790.2,"55,49,253"
SBIN,EQ,24-Jun-2025,790.2,799.0,806.65,793.65,795.4,"1,14,02,190"
SBIN,EQ,25-Jun-2025,795.4,799.5,803.8,796.1,800.05,"65,28,324"
SBIN,EQ,26-Jun-2025,800.05,802.0,803.35,791.4,797.05,"2,47,04,402"
SBIN,EQ,27-Jun-2025,797.05,805.0,809.45,802.65,805.4,"1,93,75,990"
SBIN,EQ,30-Jun-2025,805.4,809.0,821.0,807.05,820.35,"1,96,52,607"
SBIN,EQ,01-Jul-2025,820.35,820.0,824.9,813.25,820.3,"1,14,56,405"
SBIN,EQ,02-Jul-2025,820.3,821.0,824.05,809.0,812.9,"66,61,200"
SBIN,EQ,03-Jul-2025,812.9,813.5,814.5,805.8,807.1,"70,20,403"
SBIN,EQ,04-Jul-2025,807.1,808.75,813.85,804.1,811.85,"43,19,538"
SBIN,EQ,07-Jul-2025,811.85,811.2,812.65,805.15,806.85,"44,61,783"
SBIN,EQ,08-Jul-2025,806.85,807.9,813.55,805.35,812.65,"59,35,770"
SBIN,EQ,09-Jul-2025,812.65,810.0,812.45,809.0,810.95,"40,99,112"
SBIN,EQ,10-Jul-2025,810.95,811.3,815.5,806.9,808.0,"1,21,78,137"
SBIN,EQ,11-Jul-2025,808.0,807.55,812.55,804.55,808.65,"62,02,372"
SBIN,EQ,14-Jul-2025,808.65,809.8,815.5,808.0,808.85,"69,38,635"
SBIN,EQ,15-Jul-2025,808.85,811.0,821.0,810.5,816.45,"92,97,645"
SBIN,EQ,16-Jul-2025,816.45,816.0,834.2,815.3,831.7,"1,64,58,920"
SBIN,EQ,17-Jul-2025,831.7,838.4,842.5,826.35,829.0,"2,30,73,718"
SBIN,EQ,18-Jul-2025,829.0,832.0,832.65,820.25,823.35,"1,53,87,801"
SBIN,EQ,21-Jul-2025,823.35,823.0,827.35,817.95,824.2,"88,52,594"
SBIN,EQ,22-Jul-2025,824.2,827.5,828.05,814.0,815.0,"78,51,163"
SBIN,EQ,23-Jul-2025,815.0,812.5,825.2,811.5,820.65,"1,54,70,390"
SBIN,EQ,24-Jul-2025,820.65,820.0,821.95,810.65,815.7,"1,01,18,309"
SBIN,EQ,25-Jul-2025,815.7,815.0,819.2,805.5,806.55,"67,34,439"
SBIN,EQ,28-Jul-2025,806.55,806.55,808.95,796.0,797.15,"77,34,158"
SBIN,EQ,29-Jul-2025,797.15,796.2,800.0,793.1,799.2,"78,33,759"
SBIN,EQ,30-Jul-2025,799.2,798.95,803.4,796.2,801.65,"87,43,723"
SBIN,EQ,31-Jul-2025,801.65,795.1,803.8,792.55,796.55,"1,13,59,112"
SBIN,EQ,01-Aug-2025,796.55,795.7,801.0,792.0,794.0,"1,54,68,391"
SBIN,EQ,04-Aug-2025,794.0,794.5,797.2,786.55,795.7,"88,20,724"
SBIN,EQ,05-Aug-2025,795.7,798.0,804.05,796.3,800.6,"73,81,537"
SBIN,EQ,06-Aug-2025,800.6,800.95,810.2,799.0,805.15,"74,09,396"
SBIN,EQ,07-Aug-2025,805.15,801.1,806.65,793.4,805.15,"70,91,392"
SBIN,EQ,08-Aug-2025,805.15,805.0,807.8,790.0,804.3,"1,57,08,181"
SBIN,EQ,11-Aug-2025,804.3,808.0,825.0,808.0,823.45,"1,52,36,297"
SBIN,EQ,12-Aug-2025,823.45,824.95,825.5,820.0,820.6,"79,86,728"
SBIN,EQ,13-Aug-2025,820.6,822.65,824.95,820.65,821.85,"44,47,508"
SBIN,EQ,14-Aug-2025,821.85,822.0,828.0,819.1,826.55,"70,87,573"
SBIN,EQ,18-Aug-2025,826.55,836.0,838.0,825.15,827.65,"61,38,124"
SBIN,EQ,19-Aug-2025,827.65,827.5,831.0,825.8,830.4,"50,76,681"
SBIN,EQ,20-Aug-2025,830.4,828.7,831.9,827.4,828.95,"44,93,888"
SBIN,EQ,21-Aug-2025,828.95,828.95,833.25,824.05,825.7,"44,02,511"
SBIN,EQ,22-Aug-2025,825.7,824.0,826.0,815.7,816.25,"50,97,647"
SBIN,EQ,25-Aug-2025,816.25,817.45,820.5,814.2,816.45,"56,72,898"
SBIN,EQ,26-Aug-2025,816.45,814.85,815.85,806.75,807.85,"69,97,817"
SBIN,EQ,28-Aug-2025,807.85,807.25,811.0,800.65,801.95,"78,98,436"
SBIN,EQ,29-Aug-2025,801.95,800.7,806.7,798.5,802.5,"68,61,440"
SBIN,EQ,01-Sep-2025,802.5,803.1,808.3,802.65,806.05,"56,19,805"
SBIN,EQ,02-Sep-2025,806.05,806.3,810.5,802.65,803.9,"50,75,460"
SBIN,EQ,03-Sep-2025,803.9,804.3,813.3,803.0,812.15,"42,61,589"
SBIN,EQ,04-Sep-2025,812.15,814.65,816.75,808.0,809.4,"44,71,950"
SBIN,EQ,05-Sep-2025,809.4,811.5,812.5,803.65,806.6,"51,94,842"
SBIN,EQ,08-Sep-2025,806.6,808.0,813.85,806.8,808.8,"46,14,227"
SBIN,EQ,09-Sep-2025,808.8,812.0,812.35,805.6,808.85,"45,67,272"
SBIN,EQ,10-Sep-2025,808.85,812.0,824.6,810.4,818.2,"72,85,853"
SBIN,EQ,11-Sep-2025,818.2,819.1,825.7,819.0,823.65,"74,25,055"
SBIN,EQ,12-Sep-2025,823.65,824.1,825.8,819.8,823.55,"50,78,018"
SBIN,EQ,15-Sep-2025,823.55,823.55,827.8,821.1,824.75,"38,52,494"
SBIN,EQ,16-Sep-2025,824.75,825.1,833.0,821.65,831.55,"94,67,531"
SBIN,EQ,17-Sep-2025,831.55,834.3,858.15,831.0,857.15,"1,72,43,938"
SBIN,EQ,18-Sep-2025,857.15,858.65,860.8,851.1,854.35,"1,04,00,847"
SBIN,EQ,19-Sep-2025,854.35,852.0,864.45,849.3,862.35,"1,52,06,426"
SBIN,EQ,22-Sep-2025,862.35,862.0,868.2,854.0,855.25,"65,94,034"
SBIN,EQ,23-Sep-2025,855.25,854.6,874.25,851.2,870.6,"1,43,57,863"
SBIN,EQ,24-Sep-2025,870.6,876.0,880.5,864.45,866.2,"1,28,40,160"
SBIN,EQ,25-Sep-2025,866.2,866.55,870.15,859.95,861.15,"86,78,821"
SBIN,EQ,26-Sep-2025,861.15,862.0,864.35,853.0,856.95,"69,59,545"
SBIN,EQ,29-Sep-2025,856.95,858.05,873.5,856.0,870.75,"2,26,41,712"
SBIN,EQ,30-Sep-2025,870.75,869.95,877.6,867.6,872.45,"1,28,31,593"
